自增ID,事件ID,追踪ID,发生时间,操作人ID,操作动作,资源类型,资源ID,摘要,outcome,错误码
1536,1c9aff69-e95a-4017-ad03-781268ffa417,p5-act10-audit-20260613-234800-admin-approve-export-1781365550233,2026-06-13T15:45:50.273893Z,organization-admin,REVIEW,mk_compliance_export_approval,exp-audit-event-p5-act10-60613-234800,审批敏感数据导出申请：audit_event/exp-audit-event-p5-act10-60613-234800；原因：组织管理员批准 P5幕10 审计导出 p5-act10-audit-20260613-234800,SUCCESS,
1535,10e42ec1-839e-4481-bd6e-1198fd3aa70e,p5-act10-audit-20260613-234800-request-export-approval-1781365542531,2026-06-13T15:45:42.563123Z,compliance-auditor,CREATE,mk_compliance_export_approval,exp-audit-event-p5-act10-60613-234800,创建敏感数据导出申请：audit_event/exp-audit-event-p5-act10-60613-234800；原因：P5幕10审计事件导出申请 p5-act10-audit-20260613-234800,SUCCESS,
1534,43a94759-5d55-420d-a2d7-69bc1d052787,p5-act10-audit-20260613-234800-audit-snapshot-1781365542462,2026-06-13T15:45:42.493361Z,compliance-auditor,EXPORT,audit,snapshot-1781365542493,导出审计快照（reason=P5幕10审计导出审批快照 p5-act10-audit-20260613-234800）,SUCCESS,
1531,63329dca-25e2-405b-853e-81e4eedf4030,p5-act10-audit-20260614-000500-export-evidence-package-1781365502017,2026-06-13T15:45:02.045632Z,organization-admin,EXPORT,evidence_snapshot,bulk-export-COMPLIANCE_EXPORT,证据合规数据包导出完成，含 2 条快照，归档国密摘要=sm3:ad712c463d8bf902f81296e8279ac4d41d57681965d546e2829e33a96f402a25，URI=/api/v1/compliance/evidence/snapshots/export/ad712c463d8bf902f81296e8279ac4d41d57681965d546e2829e33a96f402a25/download,SUCCESS,
1530,be30fd0a-e7a2-46c4-8376-b479d1973838,p5-act10-audit-20260614-000500-verify-export-1781365501922,2026-06-13T15:45:01.955146Z,organization-admin,REVIEW,evidence_snapshot,evd-exp-audit-event-p5-act10-60614-000500-export,国密签名与数字指纹验签成功，数据完好无损,SUCCESS,
1529,80b40872-5e9f-46a0-b7e5-f7735c3d2ba0,p5-act10-audit-20260614-000500-verify-approval-1781365501633,2026-06-13T15:45:01.666786Z,organization-admin,REVIEW,evidence_snapshot,evd-exp-audit-event-p5-act10-60614-000500-approval,国密签名与数字指纹验签成功，数据完好无损,SUCCESS,
1528,25ba802e-1b56-474b-b376-2009c62e2966,p5-act10-audit-20260614-000500-download-approved-csv-1781365499254,2026-06-13T15:44:59.284247Z,organization-admin,EXPORT,large_list_export,3a774121-ec85-4462-ab9c-fd3151ccfede,用户成功下载异步导出文件: export-3a774121-ec85-4462-ab9c-fd3151ccfede.csv,SUCCESS,
1527,b9438bab-9e63-4411-b740-e3e6917ca707,p5-act10-audit-20260614-000500-complete-export-approval-1781365499220,2026-06-13T15:44:59.257471Z,organization-admin,EXPORT,mk_compliance_export_approval,exp-audit-event-p5-act10-60614-000500,登记敏感数据真实导出完成：audit_event/exp-audit-event-p5-act10-60614-000500；原因：登记 P5幕10 审计导出真实文件 p5-act10-audit-20260614-000500,SUCCESS,
1526,8a25d107-3ef0-48cb-a329-7face626ae8f,p5-act10-audit-20260614-000500-submit-large-list-export-1781365499151,2026-06-13T15:44:59.213175Z,organization-admin,EXPORT,large_list_export,3a774121-ec85-4462-ab9c-fd3151ccfede,异步导出大规模列表数据至 CSV 成功，共 261 条记录，耗时 13ms,SUCCESS,
1525,881f3a88-0e8a-4eb0-8c8b-43989d55ffc5,p5-act10-audit-20260614-000500-admin-approve-export-1781365496801,2026-06-13T15:44:56.849235Z,organization-admin,REVIEW,mk_compliance_export_approval,exp-audit-event-p5-act10-60614-000500,审批敏感数据导出申请：audit_event/exp-audit-event-p5-act10-60614-000500；原因：组织管理员批准 P5幕10 审计导出 p5-act10-audit-20260614-000500,SUCCESS,
1524,f63449d3-2c81-43ae-98dd-88f153b61912,p5-act10-audit-20260614-000500-request-export-approval-1781365488414,2026-06-13T15:44:48.450570Z,compliance-auditor,CREATE,mk_compliance_export_approval,exp-audit-event-p5-act10-60614-000500,创建敏感数据导出申请：audit_event/exp-audit-event-p5-act10-60614-000500；原因：P5幕10审计事件导出申请 p5-act10-audit-20260614-000500,SUCCESS,
1523,eeaf2d7a-6fed-4590-b344-c15b4ea00dd3,p5-act10-audit-20260614-000500-audit-snapshot-1781365488330,2026-06-13T15:44:48.368571Z,compliance-auditor,EXPORT,audit,snapshot-1781365488368,导出审计快照（reason=P5幕10审计导出审批快照 p5-act10-audit-20260614-000500）,SUCCESS,
1520,ef950ef9-9d3e-4890-bdc9-53adccc0ac2a,probe-act10-1781365216275-export-evidence-package,2026-06-13T15:40:18.327771Z,organization-admin,EXPORT,evidence_snapshot,bulk-export-COMPLIANCE_EXPORT,证据合规数据包导出完成，含 1 条快照，归档国密摘要=sm3:b171704bd2e8fdf638ab3dcaf4e34d12d7a1320b8e059467534a58d0101bff51，URI=/api/v1/compliance/evidence/snapshots/export/b171704bd2e8fdf638ab3dcaf4e34d12d7a1320b8e059467534a58d0101bff51/download,SUCCESS,
1519,61890de6-6cc7-44a3-82be-b2982a341f64,probe-act10-1781365216275-verify-export-evidence,2026-06-13T15:40:18.290802Z,organization-admin,REVIEW,evidence_snapshot,evd-exp-audit-event-p5-act10-1781365216605-export,国密签名与数字指纹验签成功，数据完好无损,SUCCESS,
1518,98c16121-1a6e-4b22-9c70-5903856d8b57,probe-act10-1781365216275-verify-approval-evidence,2026-06-13T15:40:18.255422Z,organization-admin,REVIEW,evidence_snapshot,evd-exp-audit-event-p5-act10-1781365216605-approval,国密签名与数字指纹验签成功，数据完好无损,SUCCESS,
1517,e07ce49f-ce9b-4f61-a438-fbc16cce4bcc,probe-act10-1781365216275-complete-approval,2026-06-13T15:40:18.212423Z,organization-admin,EXPORT,mk_compliance_export_approval,exp-audit-event-p5-act10-1781365216605,登记敏感数据真实导出完成：audit_event/exp-audit-event-p5-act10-1781365216605；原因：登记真实审计导出文件 probe-act10-1781365216275,SUCCESS,
1516,0c75e7de-a84a-4ec9-a4ba-5ba6a43427eb,probe-act10-1781365216275-submit-export,2026-06-13T15:40:17.145330Z,organization-admin,EXPORT,large_list_export,20377527-182c-45e8-83d3-2feae4355ded,异步导出大规模列表数据至 CSV 成功，共 253 条记录，耗时 19ms,SUCCESS,
1515,b23eaf37-86cd-4587-b3ec-d647788f2b37,probe-act10-1781365216275-admin-approve,2026-06-13T15:40:17.044021Z,organization-admin,REVIEW,mk_compliance_export_approval,exp-audit-event-p5-act10-1781365216605,审批敏感数据导出申请：audit_event/exp-audit-event-p5-act10-1781365216605；原因：组织管理员批准P5幕10探针 probe-act10-1781365216275,SUCCESS,
1514,7dcd126b-dd9a-4596-a00d-ad6b64558b13,probe-act10-1781365216275-request-approval,2026-06-13T15:40:16.708400Z,compliance-auditor,CREATE,mk_compliance_export_approval,exp-audit-event-p5-act10-1781365216605,创建敏感数据导出申请：audit_event/exp-audit-event-p5-act10-1781365216605；原因：P5幕10审计导出申请探针 probe-act10-1781365216275,SUCCESS,
1513,35c410a1-98b2-4732-a2fb-73a0459c77ce,probe-act10-1781365216275-audit-snapshot,2026-06-13T15:40:16.598471Z,compliance-auditor,EXPORT,audit,snapshot-1781365216596,导出审计快照（reason=P5幕10探针审计快照 probe-act10-1781365216275）,SUCCESS,
1506,0a4411f8-5a72-4c1e-8a34-a9bb0bdf85ca,p5-act9-main-20260613-232500-callback-dead-letter-replay-1781364050921,2026-06-13T15:20:50.975165Z,integration-operator,EXECUTE,integration_message_log,p5-act9-dead-260613232500,人工重放回调死信消息，新消息: replay-e66db8e801e944a4b1a5aa38aa125098,SUCCESS,
1505,f3740723-971c-472b-8367-abf871d883e9,p5-act9-main-20260613-232500-dead-letter-retry-1781364050877,2026-06-13T15:20:50.928365Z,integration-operator,EXECUTE,integration_message_log,p5-act9-dead-260613232500,"手动执行接口流数据重试投递成功, 状态: DEAD_LETTER",SUCCESS,
1504,751643fb-5b12-4c09-ae1b-a81707b6c1af,p5-act9-main-20260613-232500-dead-letter-enqueue-1781364050799,2026-06-13T15:20:50.843720Z,integration-operator,EXECUTE,integration_message_log,p5-act9-dead-260613232500,登记第三方出站异步消息，状态: RETRYING,SUCCESS,
1503,b637d315-2c77-43e3-b9f9-6e196b86d55a,p5-act9-main-20260613-232500-regional-source-register-1781364050692,2026-06-13T15:20:50.737946Z,integration-operator,CREATE,mk_integration_regional_source,p5-regional-lab-260613232500,登记区域协同来源: P5 区域检验中心,SUCCESS,
1502,4edfe49c-dc86-4125-b9fd-0c37f777acce,p5-act9-main-20260613-232500-regional-source-ungraded-1781364050627,2026-06-13T15:20:50.668568Z,integration-operator,CREATE,mk_integration_regional_source,p5-regional-lab-260613232500-ungraded,登记区域协同来源失败: 区域来源未完成可信分级,FAILED,REGIONAL_SOURCE_UNGRADED
1501,4f3be216-24e3-442a-be32-c9e60aa343a3,p5-act9-main-20260613-232500-advance-p5-onb-fhir-260613232500-ONLINE-1781364050524,2026-06-13T15:20:50.581561Z,integration-operator,UPDATE,mk_integration_onboarding,p5-onb-fhir-260613232500,推进第三方业务接口接入阶段到: ONLINE,SUCCESS,
1500,5b83f61d-b96a-4cfc-965c-18d0b96f8180,p5-act9-main-20260613-232500-advance-p5-onb-fhir-260613232500-MAPPING_CONFIGURED-1781364050454,2026-06-13T15:20:50.497325Z,integration-operator,UPDATE,mk_integration_onboarding,p5-onb-fhir-260613232500,推进第三方业务接口接入阶段到: MAPPING_CONFIGURED,SUCCESS,
1499,94daef35-5a27-4364-a908-c9fc5655d19e,p5-act9-main-20260613-232500-advance-p5-onb-fhir-260613232500-AUTH_CONFIGURED-1781364050386,2026-06-13T15:20:50.428567Z,integration-operator,UPDATE,mk_integration_onboarding,p5-onb-fhir-260613232500,推进第三方业务接口接入阶段到: AUTH_CONFIGURED,SUCCESS,
1498,3e9f53ac-7e60-4ad5-85b4-9568780130d9,p5-act9-main-20260613-232500-create-p5-onb-fhir-260613232500-1781364050311,2026-06-13T15:20:50.356721Z,integration-operator,CREATE,mk_integration_onboarding,p5-onb-fhir-260613232500,创建第三方业务接口接入申请: P5 FHIR 正幕接入申请 260613232500,SUCCESS,
1497,ae09b4e2-9d5a-4a61-930d-b22c2a722d04,p5-act9-main-20260613-232500-advance-p5-onb-his-260613232500-ONLINE-1781364050215,2026-06-13T15:20:50.259942Z,integration-operator,UPDATE,mk_integration_onboarding,p5-onb-his-260613232500,推进第三方业务接口接入阶段到: ONLINE,SUCCESS,
1496,3c3e5e38-2f17-494f-bd09-b8e60c6ba8ab,p5-act9-main-20260613-232500-advance-p5-onb-his-260613232500-MAPPING_CONFIGURED-1781364050141,2026-06-13T15:20:50.186996Z,integration-operator,UPDATE,mk_integration_onboarding,p5-onb-his-260613232500,推进第三方业务接口接入阶段到: MAPPING_CONFIGURED,SUCCESS,
1495,0058d165-78e9-4fc9-96dc-f233d89c8194,p5-act9-main-20260613-232500-advance-p5-onb-his-260613232500-AUTH_CONFIGURED-1781364050068,2026-06-13T15:20:50.110877Z,integration-operator,UPDATE,mk_integration_onboarding,p5-onb-his-260613232500,推进第三方业务接口接入阶段到: AUTH_CONFIGURED,SUCCESS,
1494,e664ac8b-540a-4151-a09b-2ee7dbd695d4,p5-act9-main-20260613-232500-create-p5-onb-his-260613232500-1781364049990,2026-06-13T15:20:50.037173Z,integration-operator,CREATE,mk_integration_onboarding,p5-onb-his-260613232500,创建第三方业务接口接入申请: P5 HIS 正幕接入申请 260613232500,SUCCESS,
1493,20243074-39cc-4cab-890d-a15a321cb4df,p5-act9-main-20260613-232500-webhook-signature-preview-1781364049922,2026-06-13T15:20:49.964478Z,integration-operator,EXECUTE,integration_webhook,p5-callback-260613232500,执行 Webhook 签名生成与双向连通测试,SUCCESS,
1492,dfae6b40-0d0b-4dc9-ae81-f5daf9f35460,p5-act9-main-20260613-232500-webhook-create-1781364049877,2026-06-13T15:20:49.925919Z,integration-operator,CREATE,integration_webhook,p5-callback-260613232500,新建 Webhook 订阅配置: P5 正幕回调通道 260613232500,SUCCESS,
1491,171b79de-1e70-4dd0-892d-623122275574,p5-act9-main-20260613-232500-emr-not-connected-health-1781364049776,2026-06-13T15:20:49.823268Z,integration-operator,EXECUTE,integration_adapter,p5-emr-main-260613232500,适配器健康检查完成，状态: NOT_CONNECTED,SUCCESS,
1490,f7de5596-8470-4a78-9cb8-d475f9e0e90a,p5-act9-main-20260613-232500-create-p5-emr-main-260613232500-1781364049742,2026-06-13T15:20:49.784467Z,integration-operator,CREATE,integration_adapter,p5-emr-main-260613232500,新建第三方适配器: P5 EMR 断连诚实降级网关 260613232500,SUCCESS,
1489,8c860746-5201-49d1-bb43-34f6a6f388b7,4f18c81c-f467-4d23-868c-14d5da1cb190,2026-06-13T15:20:46.972285Z,integration-operator,EXECUTE,integration_adapter,p5-his-main-260613232500,适配器健康检查完成，状态: HEALTHY,SUCCESS,
1488,3b3d9ee6-af77-42bf-8d92-ca99ed619c40,25743dff-fdca-4eef-962c-e7cd208fce7e,2026-06-13T15:20:45.889421Z,integration-operator,CREATE,integration_adapter,p5-his-main-260613232500,新建第三方适配器: P5 HIS 正幕接入网关 260613232500,SUCCESS,
1486,d9c73609-f9a9-4a54-9fd5-fea81eb4af82,p5-act9-main-20260613-232050-callback-dead-letter-replay-1781363976444,2026-06-13T15:19:36.506725Z,integration-operator,EXECUTE,integration_message_log,p5-act9-dead-260613232050,人工重放回调死信消息，新消息: replay-be4cfd47c5b94a34b5bb47a79e08de9f,SUCCESS,
1485,56e63c5e-bf2e-4b7b-9456-1236149d8eea,p5-act9-main-20260613-232050-dead-letter-retry-1781363976388,2026-06-13T15:19:36.453381Z,integration-operator,EXECUTE,integration_message_log,p5-act9-dead-260613232050,"手动执行接口流数据重试投递成功, 状态: DEAD_LETTER",SUCCESS,
1484,39375a95-5322-4b9e-a4b2-b9ffaf70ec73,p5-act9-main-20260613-232050-dead-letter-enqueue-1781363976299,2026-06-13T15:19:36.352792Z,integration-operator,EXECUTE,integration_message_log,p5-act9-dead-260613232050,登记第三方出站异步消息，状态: RETRYING,SUCCESS,
1483,82c4c3e7-735a-4cd7-9295-0f8bc6c1c890,p5-act9-main-20260613-232050-regional-source-register-1781363976177,2026-06-13T15:19:36.227211Z,integration-operator,CREATE,mk_integration_regional_source,p5-regional-lab-260613232050,登记区域协同来源: P5 区域检验中心,SUCCESS,
1482,a6f77f28-572e-46e6-8532-da7113cb49b4,p5-act9-main-20260613-232050-regional-source-ungraded-1781363976096,2026-06-13T15:19:36.143823Z,integration-operator,CREATE,mk_integration_regional_source,p5-regional-lab-260613232050-ungraded,登记区域协同来源失败: 区域来源未完成可信分级,FAILED,REGIONAL_SOURCE_UNGRADED
1481,6d158710-b13a-4368-9e84-65ba593fb759,p5-act9-main-20260613-232050-advance-p5-onb-fhir-260613232050-ONLINE-1781363976020,2026-06-13T15:19:36.070254Z,integration-operator,UPDATE,mk_integration_onboarding,p5-onb-fhir-260613232050,推进第三方业务接口接入阶段到: ONLINE,SUCCESS,
1480,7fa2a4a3-7c0e-419f-b0f1-cf1a28b6a985,p5-act9-main-20260613-232050-advance-p5-onb-fhir-260613232050-MAPPING_CONFIGURED-1781363975942,2026-06-13T15:19:35.991082Z,integration-operator,UPDATE,mk_integration_onboarding,p5-onb-fhir-260613232050,推进第三方业务接口接入阶段到: MAPPING_CONFIGURED,SUCCESS,
1479,6b008faf-92e5-4a8a-a0e4-eec627bca5f7,p5-act9-main-20260613-232050-advance-p5-onb-fhir-260613232050-AUTH_CONFIGURED-1781363975853,2026-06-13T15:19:35.909002Z,integration-operator,UPDATE,mk_integration_onboarding,p5-onb-fhir-260613232050,推进第三方业务接口接入阶段到: AUTH_CONFIGURED,SUCCESS,
1478,ba9766d9-a944-4c5c-9a40-3fd44e6b8b64,p5-act9-main-20260613-232050-create-p5-onb-fhir-260613232050-1781363975694,2026-06-13T15:19:35.756603Z,integration-operator,CREATE,mk_integration_onboarding,p5-onb-fhir-260613232050,创建第三方业务接口接入申请: P5 FHIR 正幕接入申请 260613232050,SUCCESS,
1477,25b1d7f5-0e6f-4299-b9d6-ec0d7b3792b5,p5-act9-main-20260613-232050-advance-p5-onb-his-260613232050-ONLINE-1781363975346,2026-06-13T15:19:35.568022Z,integration-operator,UPDATE,mk_integration_onboarding,p5-onb-his-260613232050,推进第三方业务接口接入阶段到: ONLINE,SUCCESS,
1476,634345e3-07d1-4b0f-afe9-00ed3d805546,p5-act9-main-20260613-232050-advance-p5-onb-his-260613232050-MAPPING_CONFIGURED-1781363975265,2026-06-13T15:19:35.315732Z,integration-operator,UPDATE,mk_integration_onboarding,p5-onb-his-260613232050,推进第三方业务接口接入阶段到: MAPPING_CONFIGURED,SUCCESS,
1475,38e52b0b-98a0-49ae-ba55-1bf147c1407e,p5-act9-main-20260613-232050-advance-p5-onb-his-260613232050-AUTH_CONFIGURED-1781363975160,2026-06-13T15:19:35.219571Z,integration-operator,UPDATE,mk_integration_onboarding,p5-onb-his-260613232050,推进第三方业务接口接入阶段到: AUTH_CONFIGURED,SUCCESS,
1474,0e03d735-6d45-4e46-910c-fb90193c5bdb,p5-act9-main-20260613-232050-create-p5-onb-his-260613232050-1781363975075,2026-06-13T15:19:35.131328Z,integration-operator,CREATE,mk_integration_onboarding,p5-onb-his-260613232050,创建第三方业务接口接入申请: P5 HIS 正幕接入申请 260613232050,SUCCESS,
1473,da258acb-4fdf-46f1-a9fa-5066ddfcdcd1,p5-act9-main-20260613-232050-webhook-signature-preview-1781363974837,2026-06-13T15:19:35.048774Z,integration-operator,EXECUTE,integration_webhook,p5-callback-260613232050,执行 Webhook 签名生成与双向连通测试,SUCCESS,
1472,cc0ff6eb-f711-4ae6-a76e-b71649f4b693,p5-act9-main-20260613-232050-webhook-create-1781363974795,2026-06-13T15:19:34.843945Z,integration-operator,CREATE,integration_webhook,p5-callback-260613232050,新建 Webhook 订阅配置: P5 正幕回调通道 260613232050,SUCCESS,
1471,1c1b0468-f9b8-44ed-9d09-34adcfae280f,p5-act9-main-20260613-232050-emr-not-connected-health-1781363974683,2026-06-13T15:19:34.734428Z,integration-operator,EXECUTE,integration_adapter,p5-emr-main-260613232050,适配器健康检查完成，状态: NOT_CONNECTED,SUCCESS,
1470,d5709780-d06b-4f93-b1d6-70a255c5dbc6,p5-act9-main-20260613-232050-create-p5-emr-main-260613232050-1781363974639,2026-06-13T15:19:34.688528Z,integration-operator,CREATE,integration_adapter,p5-emr-main-260613232050,新建第三方适配器: P5 EMR 断连诚实降级网关 260613232050,SUCCESS,
1469,65fb1815-6916-48bf-937f-a23e828d6b75,c35dc95c-d8db-49d1-a096-2c482cb3e183,2026-06-13T15:19:31.877450Z,integration-operator,EXECUTE,integration_adapter,p5-his-main-260613232050,适配器健康检查完成，状态: HEALTHY,SUCCESS,
1468,728b444b-8290-4199-9262-4146845c2653,471ac4e1-0718-45ac-a99f-ee2d507a65d5,2026-06-13T15:19:30.774548Z,integration-operator,CREATE,integration_adapter,p5-his-main-260613232050,新建第三方适配器: P5 HIS 正幕接入网关 260613232050,SUCCESS,
1466,8b62a178-427d-4ec6-9bea-3d1a34f2afec,p5-act9-main-20260613-231300-callback-dead-letter-replay-1781363931511,2026-06-13T15:18:51.563704Z,integration-operator,EXECUTE,integration_message_log,p5-act9-dead-260613231300,人工重放回调死信消息，新消息: replay-7dfc9d06b8c4416081e89b87c98ff1b2,SUCCESS,
1465,b0a24d15-d941-4573-bbfb-8d8d467e7f66,p5-act9-main-20260613-231300-regional-source-ungraded-1781363931301,2026-06-13T15:18:51.345825Z,integration-operator,CREATE,mk_integration_regional_source,p5-regional-lab-260613231300-ungraded,登记区域协同来源失败: 区域来源未完成可信分级,FAILED,REGIONAL_SOURCE_UNGRADED
1464,44afd7d6-ace7-4676-ab45-51eb7e26eb63,p5-act9-main-20260613-231300-webhook-signature-preview-1781363930671,2026-06-13T15:18:50.890768Z,integration-operator,EXECUTE,integration_webhook,p5-callback-260613231300,执行 Webhook 签名生成与双向连通测试,SUCCESS,
1463,683cf71c-ba4c-4e4d-9a69-c094afcfb5d8,p5-act9-main-20260613-231300-emr-not-connected-health-1781363930540,2026-06-13T15:18:50.593603Z,integration-operator,EXECUTE,integration_adapter,p5-emr-main-260613231300,适配器健康检查完成，状态: NOT_CONNECTED,SUCCESS,
1462,5cf0300f-fc64-4d0d-b400-b750a6f1793d,afa1ce10-a1a7-4c17-90b8-774e809e91fe,2026-06-13T15:18:47.748746Z,integration-operator,EXECUTE,integration_adapter,p5-his-main-260613231300,适配器健康检查完成，状态: HEALTHY,SUCCESS,
1460,914bcf1b-4bed-46fa-884f-6071d702204e,p5-act9-main-20260613-231300-callback-dead-letter-replay-1781363830379,2026-06-13T15:17:10.429073Z,integration-operator,EXECUTE,integration_message_log,p5-act9-dead-260613231300,人工重放回调死信消息，新消息: replay-493a44f387cb4a5f888d3ddfa9914ec6,SUCCESS,
1459,f7751087-b1b7-4fc2-9865-412b8688f611,p5-act9-main-20260613-231300-dead-letter-retry-1781363830332,2026-06-13T15:17:10.388082Z,integration-operator,EXECUTE,integration_message_log,p5-act9-dead-260613231300,"手动执行接口流数据重试投递成功, 状态: DEAD_LETTER",SUCCESS,
1458,790a2a96-853a-48b1-829e-9ec25de3c8e8,p5-act9-main-20260613-231300-dead-letter-enqueue-1781363830206,2026-06-13T15:17:10.279076Z,integration-operator,EXECUTE,integration_message_log,p5-act9-dead-260613231300,登记第三方出站异步消息，状态: RETRYING,SUCCESS,
1457,6ee9f7c0-1534-4a43-8e04-77cf12b97d3e,p5-act9-main-20260613-231300-regional-source-register-1781363830056,2026-06-13T15:17:10.125099Z,integration-operator,CREATE,mk_integration_regional_source,p5-regional-lab-260613231300,登记区域协同来源: P5 区域检验中心,SUCCESS,
1456,88836880-0241-4df3-99bd-19ef6b78d1e7,p5-act9-main-20260613-231300-regional-source-ungraded-1781363829962,2026-06-13T15:17:10.033692Z,integration-operator,CREATE,mk_integration_regional_source,p5-regional-lab-260613231300-ungraded,登记区域协同来源失败: 区域来源未完成可信分级,FAILED,REGIONAL_SOURCE_UNGRADED
1455,840a2721-2c9f-40cc-a55d-71dbdfcc9056,p5-act9-main-20260613-231300-advance-p5-onb-fhir-260613231300-ONLINE-1781363829893,2026-06-13T15:17:09.938973Z,integration-operator,UPDATE,mk_integration_onboarding,p5-onb-fhir-260613231300,推进第三方业务接口接入阶段到: ONLINE,SUCCESS,
1454,6c21b390-72ab-4ae7-a51d-b37e499156fb,p5-act9-main-20260613-231300-advance-p5-onb-fhir-260613231300-MAPPING_CONFIGURED-1781363829817,2026-06-13T15:17:09.864092Z,integration-operator,UPDATE,mk_integration_onboarding,p5-onb-fhir-260613231300,推进第三方业务接口接入阶段到: MAPPING_CONFIGURED,SUCCESS,
1453,ad6f1b15-e553-44fb-9302-57f9b6445411,p5-act9-main-20260613-231300-advance-p5-onb-fhir-260613231300-AUTH_CONFIGURED-1781363829746,2026-06-13T15:17:09.792689Z,integration-operator,UPDATE,mk_integration_onboarding,p5-onb-fhir-260613231300,推进第三方业务接口接入阶段到: AUTH_CONFIGURED,SUCCESS,
1452,6667265e-b9da-46a4-bfab-37fb8f4a665a,p5-act9-main-20260613-231300-create-p5-onb-fhir-260613231300-1781363829676,2026-06-13T15:17:09.721726Z,integration-operator,CREATE,mk_integration_onboarding,p5-onb-fhir-260613231300,创建第三方业务接口接入申请: P5 FHIR 正幕接入申请 260613231300,SUCCESS,
1451,553486f0-9768-44fe-bbaa-0a6abdbdd780,p5-act9-main-20260613-231300-advance-p5-onb-his-260613231300-ONLINE-1781363829575,2026-06-13T15:17:09.622314Z,integration-operator,UPDATE,mk_integration_onboarding,p5-onb-his-260613231300,推进第三方业务接口接入阶段到: ONLINE,SUCCESS,
1450,872a19de-4e96-46b6-adee-eeaca0e5ded0,p5-act9-main-20260613-231300-advance-p5-onb-his-260613231300-MAPPING_CONFIGURED-1781363829496,2026-06-13T15:17:09.546793Z,integration-operator,UPDATE,mk_integration_onboarding,p5-onb-his-260613231300,推进第三方业务接口接入阶段到: MAPPING_CONFIGURED,SUCCESS,
1449,5aacdee0-a297-4aeb-a139-1a1bffc8404a,p5-act9-main-20260613-231300-advance-p5-onb-his-260613231300-AUTH_CONFIGURED-1781363829393,2026-06-13T15:17:09.460656Z,integration-operator,UPDATE,mk_integration_onboarding,p5-onb-his-260613231300,推进第三方业务接口接入阶段到: AUTH_CONFIGURED,SUCCESS,
1448,e1b8e748-c621-4890-acec-72fd5f5a2485,p5-act9-main-20260613-231300-create-p5-onb-his-260613231300-1781363829282,2026-06-13T15:17:09.354005Z,integration-operator,CREATE,mk_integration_onboarding,p5-onb-his-260613231300,创建第三方业务接口接入申请: P5 HIS 正幕接入申请 260613231300,SUCCESS,
1447,7eda64d4-0855-403f-bcde-60f0658b492c,p5-act9-main-20260613-231300-webhook-signature-preview-1781363829205,2026-06-13T15:17:09.255496Z,integration-operator,EXECUTE,integration_webhook,p5-callback-260613231300,执行 Webhook 签名生成与双向连通测试,SUCCESS,
1446,32568a8f-32f2-417f-a343-facb6d0fe807,p5-act9-main-20260613-231300-webhook-create-1781363829147,2026-06-13T15:17:09.211745Z,integration-operator,CREATE,integration_webhook,p5-callback-260613231300,新建 Webhook 订阅配置: P5 正幕回调通道 260613231300,SUCCESS,
1445,501cedc6-0565-4eb4-b094-53b775e349e6,p5-act9-main-20260613-231300-emr-not-connected-health-1781363828617,2026-06-13T15:17:08.667073Z,integration-operator,EXECUTE,integration_adapter,p5-emr-main-260613231300,适配器健康检查完成，状态: NOT_CONNECTED,SUCCESS,
1444,5d3b2da3-5649-4a7c-a467-91fbf9d4f9ab,p5-act9-main-20260613-231300-create-p5-emr-main-260613231300-1781363828571,2026-06-13T15:17:08.617766Z,integration-operator,CREATE,integration_adapter,p5-emr-main-260613231300,新建第三方适配器: P5 EMR 断连诚实降级网关 260613231300,SUCCESS,
1443,9c14e1a6-4271-4a11-823b-a313b1f87c4e,32584bec-42de-4fd2-a8c5-ea4735bcbb44,2026-06-13T15:17:05.770708Z,integration-operator,EXECUTE,integration_adapter,p5-his-main-260613231300,适配器健康检查完成，状态: HEALTHY,SUCCESS,
1442,ff0fe985-f3ca-40b5-a751-ec464db24b8d,27418073-7ba9-49ed-b1c1-aa7a5de06e9d,2026-06-13T15:17:04.178244Z,integration-operator,CREATE,integration_adapter,p5-his-main-260613231300,新建第三方适配器: P5 HIS 正幕接入网关 260613231300,SUCCESS,
1440,cdfca9fd-cc25-4923-869b-a44053b0577a,p5-act8-20260613-225241-download-v1-rollback-sync-evidence-1781362375426,2026-06-13T14:52:55.502492Z,organization-admin,EXPORT,knowledge_package,5c51acc6-a591-416e-ba30-153f9d3bd9f7,导出配置包同步证据，发布计划数: 2，同步日志数: 2，失败适配器数: 0，未连通适配器数: 0,SUCCESS,
1439,174531b5-ff30-43e1-9500-96349390ffff,p5-act8-20260613-225241-rollback-v2-to-v1-1781362375184,2026-06-13T14:52:55.303346Z,organization-admin,ROLLBACK,knowledge_package,5c51acc6-a591-416e-ba30-153f9d3bd9f7,一键回滚包版本从 2026.06.1-act8-260613225241-v2 回退到 2026.06.1-act8-260613225241-v1，原因: P5幕8配置包治理演练：全量发布后按高危确认回滚到历史基线，操作人: organization-admin,SUCCESS,
1438,d7c88c98-0e82-4c8e-a217-ac82b4a12926,p5-act8-20260613-225241-download-v2-sync-evidence-1781362374946,2026-06-13T14:52:55.018800Z,organization-admin,EXPORT,knowledge_package,d4278683-a2cf-4411-8c1e-a3e3e9fcc6c1,导出配置包同步证据，发布计划数: 2，同步日志数: 2，失败适配器数: 0，未连通适配器数: 0,SUCCESS,
1437,ad7e7cf2-edc4-4041-9040-2eb863a0716f,p5-act8-20260613-225241-download-v2-offline-export-1781362374793,2026-06-13T14:52:54.959248Z,organization-admin,EXPORT,knowledge_package,d4278683-a2cf-4411-8c1e-a3e3e9fcc6c1,导出配置包离线安装包，版本: 2026.06.1-act8-260613225241-v2，目标组织: 01KTXW1ER1K0N7CS4YSJZV2XH6，有效快照: e7ee77eb6ad920a43e0aade063d11b0ba3e3047ee788450716d76e91fb0727e7，资产条目数: 4，payloadSha256: 14e71576da9e6a255df8d3e906e21459c3bf2dbbad41cd5a574b7898fae99a1f,SUCCESS,
1436,8507528e-2a37-4a73-b97f-490bfc53ac4d,p5-act8-20260613-225241-download-v2-diff-export-1781362374731,2026-06-13T14:52:54.807777Z,organization-admin,EXPORT,knowledge_package,d4278683-a2cf-4411-8c1e-a3e3e9fcc6c1,导出配置包差异影响证据，基准版本: 2026.06.1-act8-260613225241-v1，目标版本: 2026.06.1-act8-260613225241-v2，变更资产数: 3,SUCCESS,
1435,413a186e-96c5-478f-acea-375ca3edcf64,p5-act8-20260613-225241-release-v2-full-1781362372727,2026-06-13T14:52:52.854656Z,organization-admin,PUBLISH,knowledge_package,d4278683-a2cf-4411-8c1e-a3e3e9fcc6c1,知识包发布并同步全量成功: P5幕8配置包治理演练候选版 (2026.06.1-act8-260613225241-v2),SUCCESS,
1434,eea69b7f-ecb5-4e3a-abab-c578ee8abaaf,p5-act8-20260613-225241-release-v2-gray-1781362372590,2026-06-13T14:52:52.709219Z,organization-admin,PUBLISH,knowledge_package,d4278683-a2cf-4411-8c1e-a3e3e9fcc6c1,"知识包发布计划执行完成, 策略为: GRAYSCALE, 作用域为: FACILITY, 状态为: SUCCESS",SUCCESS,
1433,5512bb6d-41f5-41eb-a314-089c3a660e61,p5-act8-20260613-225241-add-v2-candidate-evaluation-1781362372438,2026-06-13T14:52:52.519822Z,organization-admin,UPDATE,knowledge_package,d4278683-a2cf-4411-8c1e-a3e3e9fcc6c1,向知识包添加资产条目 (EVALUATION): ei-8f501a47-e9a5-452b-8460-029763a7262c,SUCCESS,
1432,8e44eabc-2437-4521-aee0-8cb2e436527d,p5-act8-20260613-225241-add-v2-candidate-pathway-1781362372368,2026-06-13T14:52:52.458905Z,organization-admin,UPDATE,knowledge_package,d4278683-a2cf-4411-8c1e-a3e3e9fcc6c1,向知识包添加资产条目 (PATHWAY): pt-69a3aabb-5157-4a7c-b293-ce027a5741c6,SUCCESS,
1431,4713b662-368d-40d9-a21f-fcd8f6bace2a,p5-act8-20260613-225241-add-v2-candidate-rule-1781362372311,2026-06-13T14:52:52.384855Z,organization-admin,UPDATE,knowledge_package,d4278683-a2cf-4411-8c1e-a3e3e9fcc6c1,向知识包添加资产条目 (RULE): rule-95d0454a-fe4a-4e80-938a-45a3744bde98,SUCCESS,
1430,d024652d-1804-42b7-931e-0b43e42f47db,p5-act8-20260613-225241-add-v2-candidate-terminology-1781362372258,2026-06-13T14:52:52.333470Z,organization-admin,UPDATE,knowledge_package,d4278683-a2cf-4411-8c1e-a3e3e9fcc6c1,向知识包添加资产条目 (TERMINOLOGY): TERM.P5.MAPPING|TENANT|p5-hospital,SUCCESS,
1429,8bd8705c-103c-4344-a2ed-20d8924206ed,p5-act8-20260613-225241-create-v2-candidate-1781362372169,2026-06-13T14:52:52.241531Z,organization-admin,CREATE,knowledge_package,d4278683-a2cf-4411-8c1e-a3e3e9fcc6c1,创建知识包草稿: P5幕8配置包治理演练候选版 (2026.06.1-act8-260613225241-v2),SUCCESS,
1428,73968256-bcb8-4a1c-ad0a-1ed97d8adf09,p5-act8-20260613-225241-release-v1-full-1781362371874,2026-06-13T14:52:52.088785Z,organization-admin,PUBLISH,knowledge_package,5c51acc6-a591-416e-ba30-153f9d3bd9f7,知识包发布并同步全量成功: P5幕8配置包治理演练基线版 (2026.06.1-act8-260613225241-v1),SUCCESS,
1427,0a5aa121-9914-4155-8075-386aae19a929,p5-act8-20260613-225241-add-v1-baseline-terminology-1781362371676,2026-06-13T14:52:51.790644Z,organization-admin,UPDATE,knowledge_package,5c51acc6-a591-416e-ba30-153f9d3bd9f7,向知识包添加资产条目 (TERMINOLOGY): TERM.P5.MAPPING|TENANT|p5-hospital,SUCCESS,
1426,dead5bbc-8882-4bed-af27-16d35058fd88,p5-act8-20260613-225241-create-v1-baseline-1781362371586,2026-06-13T14:52:51.654994Z,organization-admin,CREATE,knowledge_package,5c51acc6-a591-416e-ba30-153f9d3bd9f7,创建知识包草稿: P5幕8配置包治理演练基线版 (2026.06.1-act8-260613225241-v1),SUCCESS,
1422,3cf2c61d-3707-4947-973e-9ea9df97e02f,p5-act8-20260613-225142-add-v2-candidate-evaluation-1781362313890,2026-06-13T14:51:53.964016Z,organization-admin,UPDATE,knowledge_package,a74fbc95-50c6-46e3-afda-7595f8505dad,向知识包添加资产条目 (EVALUATION): ei-8f501a47-e9a5-452b-8460-029763a7262c,SUCCESS,
1421,fafc7562-dab2-4370-ad61-a0acc8d7448e,p5-act8-20260613-225142-add-v2-candidate-pathway-1781362313839,2026-06-13T14:51:53.909819Z,organization-admin,UPDATE,knowledge_package,a74fbc95-50c6-46e3-afda-7595f8505dad,向知识包添加资产条目 (PATHWAY): pt-69a3aabb-5157-4a7c-b293-ce027a5741c6,SUCCESS,
1420,499178e7-06c0-4901-aec7-1ad54b3a8b4f,p5-act8-20260613-225142-add-v2-candidate-rule-1781362313789,2026-06-13T14:51:53.859415Z,organization-admin,UPDATE,knowledge_package,a74fbc95-50c6-46e3-afda-7595f8505dad,向知识包添加资产条目 (RULE): rule-95d0454a-fe4a-4e80-938a-45a3744bde98,SUCCESS,
1419,e7ffa07c-f0b3-4155-8b25-d70a029d468d,p5-act8-20260613-225142-add-v2-candidate-terminology-1781362313729,2026-06-13T14:51:53.799833Z,organization-admin,UPDATE,knowledge_package,a74fbc95-50c6-46e3-afda-7595f8505dad,向知识包添加资产条目 (TERMINOLOGY): TERM.P5.MAPPING|TENANT|p5-hospital,SUCCESS,
1418,3736cd87-915e-45f0-98a8-e0c7e70386a6,p5-act8-20260613-225142-create-v2-candidate-1781362313645,2026-06-13T14:51:53.713835Z,organization-admin,CREATE,knowledge_package,a74fbc95-50c6-46e3-afda-7595f8505dad,创建知识包草稿: P5幕8配置包治理演练候选版 (2026.06.1-act8-260613225142-v2),SUCCESS,
1417,7aad2d34-f783-490b-b28d-373184670bc8,p5-act8-20260613-225142-release-v1-full-1781362313149,2026-06-13T14:51:53.576657Z,organization-admin,PUBLISH,knowledge_package,995afa77-3ac8-406e-9711-981bcb428045,知识包发布并同步全量成功: P5幕8配置包治理演练基线版 (2026.06.1-act8-260613225142-v1),SUCCESS,
1416,f5d1be6d-32c8-463a-9603-1cfae3a6e5c3,p5-act8-20260613-225142-add-v1-baseline-terminology-1781362312970,2026-06-13T14:51:53.077611Z,organization-admin,UPDATE,knowledge_package,995afa77-3ac8-406e-9711-981bcb428045,向知识包添加资产条目 (TERMINOLOGY): TERM.P5.MAPPING|TENANT|p5-hospital,SUCCESS,
1415,8e802f8d-55f9-410c-b86e-a489a1e550d9,p5-act8-20260613-225142-create-v1-baseline-1781362312845,2026-06-13T14:51:52.948497Z,organization-admin,CREATE,knowledge_package,995afa77-3ac8-406e-9711-981bcb428045,创建知识包草稿: P5幕8配置包治理演练基线版 (2026.06.1-act8-260613225142-v1),SUCCESS,
1414,d222b18c-38fa-4d86-beac-0526d0786b6b,p5-act8-20260613-225142-act8-activate-evaluation-1781362312720,2026-06-13T14:51:52.830339Z,organization-admin,UPDATE,evaluation_indicator,ei-8f501a47-e9a5-452b-8460-029763a7262c,激活评估指标 P5.ACT7.FOLLOWUP.QUALITY,SUCCESS,
1413,9caac21d-3def-4018-add0-d71c3007e3b5,p5-act8-20260613-225142-act8-gray-evaluation-1781362312642,2026-06-13T14:51:52.742224Z,quality-governor,PUBLISH,evaluation_indicator,ei-8f501a47-e9a5-452b-8460-029763a7262c,灰度发布评估指标 P5.ACT7.FOLLOWUP.QUALITY,SUCCESS,
1412,31fc099d-9367-4d47-ae74-f494c6f19238,p5-act8-20260613-225142-act8-publish-evaluation-1781362312585,2026-06-13T14:51:52.663559Z,quality-governor,PUBLISH,evaluation_indicator,ei-8f501a47-e9a5-452b-8460-029763a7262c,发布评估指标 P5.ACT7.FOLLOWUP.QUALITY,SUCCESS,
1411,3c8f08c3-032c-40a3-b536-6d119e3ac895,p5-act8-20260613-225142-act8-submit-evaluation-1781362312504,2026-06-13T14:51:52.605646Z,quality-governor,REVIEW,evaluation_indicator,ei-8f501a47-e9a5-452b-8460-029763a7262c,提交评估指标审核 P5.ACT7.FOLLOWUP.QUALITY,SUCCESS,
1410,561698a7-a411-4d70-a801-147fc64d8867,p5-act8-20260613-225142-act8-create-resolvable-evaluation-1781362312320,2026-06-13T14:51:52.517438Z,quality-governor,CREATE,evaluation_indicator,ei-8f501a47-e9a5-452b-8460-029763a7262c,创建评估指标 P5.ACT7.FOLLOWUP.QUALITY,SUCCESS,
1403,7a0f785b-ebc5-41ea-8bea-d444047405e3,p5-act8-20260613-224122-add-v2-candidate-evaluation-1781361695847,2026-06-13T14:41:35.930182Z,organization-admin,UPDATE,knowledge_package,e3a96590-612d-49c5-8337-62fcd771b8fa,向知识包添加资产条目 (EVALUATION): ei-d718e273-fbd6-42fe-b244-7448de878bf8,SUCCESS,
1402,7c5b3238-6f07-4196-8c0d-dfaea0f592f8,p5-act8-20260613-224122-add-v2-candidate-pathway-1781361695797,2026-06-13T14:41:35.873712Z,organization-admin,UPDATE,knowledge_package,e3a96590-612d-49c5-8337-62fcd771b8fa,向知识包添加资产条目 (PATHWAY): pt-69a3aabb-5157-4a7c-b293-ce027a5741c6,SUCCESS,
1401,46e45c8f-bf4e-4992-9832-b6200577c6b3,p5-act8-20260613-224122-add-v2-candidate-rule-1781361695744,2026-06-13T14:41:35.823243Z,organization-admin,UPDATE,knowledge_package,e3a96590-612d-49c5-8337-62fcd771b8fa,向知识包添加资产条目 (RULE): rule-95d0454a-fe4a-4e80-938a-45a3744bde98,SUCCESS,
1400,1863c5d2-0255-49c9-bc71-37c369cb10a0,p5-act8-20260613-224122-add-v2-candidate-terminology-1781361695692,2026-06-13T14:41:35.768488Z,organization-admin,UPDATE,knowledge_package,e3a96590-612d-49c5-8337-62fcd771b8fa,向知识包添加资产条目 (TERMINOLOGY): TERM.P5.MAPPING|TENANT|p5-hospital,SUCCESS,
1399,8def07a9-e79a-4774-90bf-713caf39dc32,p5-act8-20260613-224122-create-v2-candidate-1781361695422,2026-06-13T14:41:35.506012Z,organization-admin,CREATE,knowledge_package,e3a96590-612d-49c5-8337-62fcd771b8fa,创建知识包草稿: P5幕8配置包治理演练候选版 (2026.06.1-act8-260613224122-v2),SUCCESS,
1398,fe77adf0-993d-4382-9a58-013d4a656b16,p5-act8-20260613-224122-release-v1-full-1781361694634,2026-06-13T14:41:35.359336Z,organization-admin,PUBLISH,knowledge_package,4481f6d1-39fa-4b41-be5e-93f9c1c836e6,知识包发布并同步全量成功: P5幕8配置包治理演练基线版 (2026.06.1-act8-260613224122-v1),SUCCESS,
1397,5f0689d7-3097-4b2d-bfce-f953f7d3efce,p5-act8-20260613-224122-add-v1-baseline-terminology-1781361694238,2026-06-13T14:41:34.366684Z,organization-admin,UPDATE,knowledge_package,4481f6d1-39fa-4b41-be5e-93f9c1c836e6,向知识包添加资产条目 (TERMINOLOGY): TERM.P5.MAPPING|TENANT|p5-hospital,SUCCESS,
1396,2e67a894-053f-413a-a12a-b5cee4b87fe8,p5-act8-20260613-224122-create-v1-baseline-1781361694025,2026-06-13T14:41:34.215663Z,organization-admin,CREATE,knowledge_package,4481f6d1-39fa-4b41-be5e-93f9c1c836e6,创建知识包草稿: P5幕8配置包治理演练基线版 (2026.06.1-act8-260613224122-v1),SUCCESS,
1392,9b671d46-c50b-4033-9333-6df54629e45f,p5-act8-1781361049473-add-v2-candidate-evaluation-1781361062828,2026-06-13T14:31:02.916224Z,organization-admin,UPDATE,knowledge_package,319b8363-2d85-4e1a-8174-b85a1abf1299,向知识包添加资产条目 (EVALUATION): ei-d718e273-fbd6-42fe-b244-7448de878bf8,SUCCESS,
1391,eeaf7322-e8e9-418f-9d9c-a5c13d85394f,p5-act8-1781361049473-add-v2-candidate-pathway-1781361062778,2026-06-13T14:31:02.859552Z,organization-admin,UPDATE,knowledge_package,319b8363-2d85-4e1a-8174-b85a1abf1299,向知识包添加资产条目 (PATHWAY): pt-69a3aabb-5157-4a7c-b293-ce027a5741c6,SUCCESS,
1390,ce31fbe9-3f5c-4e4b-a6c4-8cb719feab34,p5-act8-1781361049473-add-v2-candidate-rule-1781361062731,2026-06-13T14:31:02.811224Z,organization-admin,UPDATE,knowledge_package,319b8363-2d85-4e1a-8174-b85a1abf1299,向知识包添加资产条目 (RULE): rule-95d0454a-fe4a-4e80-938a-45a3744bde98,SUCCESS,
1389,54742711-91bb-4d32-8bc0-4f0bdbca9d57,p5-act8-1781361049473-add-v2-candidate-terminology-1781361062528,2026-06-13T14:31:02.759597Z,organization-admin,UPDATE,knowledge_package,319b8363-2d85-4e1a-8174-b85a1abf1299,向知识包添加资产条目 (TERMINOLOGY): TERM.P5.MAPPING|TENANT|p5-hospital,SUCCESS,
1388,653c1afa-2a46-4789-93f6-45d54b86fa3f,p5-act8-1781361049473-create-v2-candidate-1781361062442,2026-06-13T14:31:02.517736Z,organization-admin,CREATE,knowledge_package,319b8363-2d85-4e1a-8174-b85a1abf1299,创建知识包草稿: P5幕8配置包治理演练候选版 (2026.06.1-act8-781361049473-v2),SUCCESS,
1387,201cfc72-cf22-4724-ba61-3b45fee0be96,p5-act8-1781361049473-release-v1-full-1781361062155,2026-06-13T14:31:02.317720Z,organization-admin,PUBLISH,knowledge_package,92238906-9a9a-4ee0-a509-36e715f496af,知识包发布并同步全量成功: P5幕8配置包治理演练基线版 (2026.06.1-act8-781361049473-v1),SUCCESS,
1386,03ff4476-a7d9-48c5-a764-b4b607a8317f,p5-act8-1781361049473-add-v1-baseline-terminology-1781361061842,2026-06-13T14:31:01.978953Z,organization-admin,UPDATE,knowledge_package,92238906-9a9a-4ee0-a509-36e715f496af,向知识包添加资产条目 (TERMINOLOGY): TERM.P5.MAPPING|TENANT|p5-hospital,SUCCESS,
1385,19cc4ecd-46ab-439c-86ac-76441a7015b2,p5-act8-1781361049473-create-v1-baseline-1781361061646,2026-06-13T14:31:01.748153Z,organization-admin,CREATE,knowledge_package,92238906-9a9a-4ee0-a509-36e715f496af,创建知识包草稿: P5幕8配置包治理演练基线版 (2026.06.1-act8-781361049473-v1),SUCCESS,
1377,722b4866-c5ce-40bc-a856-3f30e0cf303a,p5-act7-20260613-220214-quality-review-rectification-1781359366768,2026-06-13T14:02:46.825941Z,quality-governor,REVIEW,quality_finding,qf-a88aef9d-854b-4729-9706-419df3fae88d,复核质控整改 APPROVED,SUCCESS,
1376,c27b8bd8-832b-45b3-bcc2-c43bd6ad8747,p5-act7-20260613-220214-quality-submit-rectification-1781359366726,2026-06-13T14:02:46.786610Z,clinical-governor,UPDATE,quality_finding,qf-a88aef9d-854b-4729-9706-419df3fae88d,提交质控整改 rct-9052f523-4674-44a7-b380-8939fd0a4887,SUCCESS,
1375,0548598d-7e66-456d-abaa-5b0964637986,p5-act7-20260613-220214-quality-run-evaluation-1781359366552,2026-06-13T14:02:46.612396Z,quality-governor,EXECUTE,evaluation_run,er-82eadf74-48da-40c7-815f-2009ec17e96a,接收评估运行 P5.ACT7.RUN.p5-act7-20260613-220214,SUCCESS,
1368,9cd8faf7-91e5-4936-b5bd-9bc1b207cee9,p5-act7-20260613-220214-nurse-denied-evaluation-create-1781359351463,2026-06-13T14:02:31.519836Z,nursing-collaborator,EXECUTE,authorization,p5-act7-20260613-220214-nurse-denied-evaluation-create-1781359351463,权限拒绝：当前用户无权执行该操作,FAILED,PERMISSION_DENIED
1359,38451ceb-3d9d-427e-89d3-f20982b238f2,p5-act7-20260613-220050-quality-review-rectification-1781359278649,2026-06-13T14:01:18.721450Z,quality-governor,REVIEW,quality_finding,qf-03a5ee49-c8a4-4518-a9c1-c09d26298628,复核质控整改 APPROVED,SUCCESS,
1358,af3ff306-e190-4e2a-92cf-1e99328505ca,p5-act7-20260613-220050-quality-submit-rectification-1781359278603,2026-06-13T14:01:18.665218Z,clinical-governor,UPDATE,quality_finding,qf-03a5ee49-c8a4-4518-a9c1-c09d26298628,提交质控整改 rct-6cc02336-dc54-4575-a6b4-6d2ab020ac82,SUCCESS,
1357,96e433f5-2f8e-4a67-b456-c2d2bf325630,p5-act7-20260613-220050-quality-run-evaluation-1781359278490,2026-06-13T14:01:18.555320Z,quality-governor,EXECUTE,evaluation_run,er-9c7b7907-4090-4424-88fb-76fda3710b6e,接收评估运行 P5.ACT7.RUN.p5-act7-20260613-220050,SUCCESS,
1350,5dd54e89-6182-46bf-a8fd-f128642667bf,p5-act7-20260613-220050-nurse-denied-evaluation-create-1781359264932,2026-06-13T14:01:04.993650Z,nursing-collaborator,EXECUTE,authorization,p5-act7-20260613-220050-nurse-denied-evaluation-create-1781359264932,权限拒绝：当前用户无权执行该操作,FAILED,PERMISSION_DENIED
1341,6acbf0b0-999a-4da2-897d-a326127cac2d,p5-act7-20260613-215858-quality-submit-rectification-1781359169886,2026-06-13T13:59:29.958801Z,nursing-collaborator,EXECUTE,authorization,p5-act7-20260613-215858-quality-submit-rectification-1781359169886,权限拒绝：当前用户无权执行该操作,FAILED,PERMISSION_DENIED
1340,fd1b4718-75e0-4095-a91a-8b14374117d5,p5-act7-20260613-215858-quality-run-evaluation-1781359169690,2026-06-13T13:59:29.819303Z,quality-governor,EXECUTE,evaluation_run,er-64e46ffe-e304-439b-953e-0ac7e2c34899,接收评估运行 P5.ACT7.RUN.p5-act7-20260613-215858,SUCCESS,
1339,8cb37af4-a7d4-497b-9fd7-76309deb2811,p5-act7-20260613-215858-quality-activate-indicator-1781359169627,2026-06-13T13:59:29.708494Z,organization-admin,UPDATE,evaluation_indicator,ei-d718e273-fbd6-42fe-b244-7448de878bf8,激活评估指标 P5.ACT7.FOLLOWUP.QUALITY,SUCCESS,
1338,c9c1edfc-4aba-40ca-a368-8c7c7433ecfa,p5-act7-20260613-215858-quality-gray-indicator-1781359169580,2026-06-13T13:59:29.652702Z,quality-governor,PUBLISH,evaluation_indicator,ei-d718e273-fbd6-42fe-b244-7448de878bf8,灰度发布评估指标 P5.ACT7.FOLLOWUP.QUALITY,SUCCESS,
1337,a3a029b9-f9b2-486d-90e6-fdbbb0a22d23,p5-act7-20260613-215858-quality-publish-indicator-1781359169527,2026-06-13T13:59:29.604685Z,quality-governor,PUBLISH,evaluation_indicator,ei-d718e273-fbd6-42fe-b244-7448de878bf8,发布评估指标 P5.ACT7.FOLLOWUP.QUALITY,SUCCESS,
1336,9e512192-2bfc-4dae-9b90-a28055f02232,p5-act7-20260613-215858-quality-submit-indicator-1781359169460,2026-06-13T13:59:29.551403Z,quality-governor,REVIEW,evaluation_indicator,ei-d718e273-fbd6-42fe-b244-7448de878bf8,提交评估指标审核 P5.ACT7.FOLLOWUP.QUALITY,SUCCESS,
1335,a75791b8-d3c1-419d-9d81-69f88941a36c,p5-act7-20260613-215858-quality-create-indicator-1781359169365,2026-06-13T13:59:29.474029Z,quality-governor,CREATE,evaluation_indicator,ei-d718e273-fbd6-42fe-b244-7448de878bf8,创建评估指标 P5.ACT7.FOLLOWUP.QUALITY,SUCCESS,
1331,37bd2abe-dc2e-45bd-ae8f-01609fb2efda,p5-act7-20260613-215858-followup-result-backflow-1781359161992,2026-06-13T13:59:22.075888Z,nursing-collaborator,CREATE,context_snapshot,ctx-ce9c7ee3-2fec-44bd-a558-41f0eedf3d42,创建标准上下文 quality=PARTIAL patient=P5-ACT7-FOLLOWUP-001,SUCCESS,
1328,9de18a69-c998-46cf-ad4d-b98455759c3a,p5-act7-20260613-215858-seed-context-snapshot-1781359155218,2026-06-13T13:59:15.371129Z,integration-operator,CREATE,context_snapshot,ctx-f24406a9-e090-4a60-91a8-1433d554f8ed,创建标准上下文 quality=VALID patient=P5-ACT7-FOLLOWUP-001,SUCCESS,
1326,c9b6bea0-da1f-4a85-b4ff-754e165363d7,p5-act7-20260613-215858-nurse-denied-evaluation-create-1781359154909,2026-06-13T13:59:14.996690Z,nursing-collaborator,EXECUTE,authorization,p5-act7-20260613-215858-nurse-denied-evaluation-create-1781359154909,权限拒绝：当前用户无权执行该操作,FAILED,PERMISSION_DENIED
1319,af40b872-4386-4a6f-9f6e-11c98aec49fb,p5-act6-override-physician-1781352078412,2026-06-13T12:01:18.648550Z,clinical-decision-user,FEEDBACK,rule_override_log,rov-2495f42a-8382-4371-8baf-25c911f49a50,记录规则越权 rex-da10c6b7-e5ec-4eca-9774-4e07fccfceae/STRONG_REMINDER,SUCCESS,
1317,3042800d-0538-4ab3-a12b-bb20e946572c,p5-act6-evaluate-rule-1781352071257,2026-06-13T12:01:11.520048Z,clinical-decision-user,EXECUTE,rule_execution,rex-da10c6b7-e5ec-4eca-9774-4e07fccfceae,执行规则 rule-95d0454a-fe4a-4e80-938a-45a3744bde98,SUCCESS,
1312,cb7546d2-4c93-4fe9-95ac-f6902ca2bf0f,p5-act6-override-physician-1781351938395,2026-06-13T11:58:58.626348Z,clinical-decision-user,FEEDBACK,rule_override_log,rov-8da16b9d-964f-4002-a6a7-ad931ae2f1a6,记录规则越权 rex-3e0ea306-bd14-4a6d-8228-15b151716cd6/STRONG_REMINDER,SUCCESS,
1310,83200054-2cc8-4ebf-878f-77f994a756df,p5-act6-evaluate-rule-1781351933440,2026-06-13T11:58:53.702750Z,clinical-decision-user,EXECUTE,rule_execution,rex-3e0ea306-bd14-4a6d-8228-15b151716cd6,执行规则 rule-95d0454a-fe4a-4e80-938a-45a3744bde98,SUCCESS,
1305,8d971854-bdf7-47de-a115-ce4fe8e344d4,p5-act6-override-physician-1781351865313,2026-06-13T11:57:45.547472Z,clinical-decision-user,FEEDBACK,rule_override_log,rov-b1b3e667-fa33-4b34-bd45-d896240a1503,记录规则越权 rex-3f51bf14-e85c-426a-9971-2005680c86c6/STRONG_REMINDER,SUCCESS,
1303,f1278d9f-8890-458d-b47f-47cc25cb8f28,p5-act6-evaluate-rule-1781351859821,2026-06-13T11:57:40.088366Z,clinical-decision-user,EXECUTE,rule_execution,rex-3f51bf14-e85c-426a-9971-2005680c86c6,执行规则 rule-95d0454a-fe4a-4e80-938a-45a3744bde98,SUCCESS,
1296,3f888e73-7d1b-441b-85d3-fddf7b21b9c7,p5-act6-override-physician-1781351543692,2026-06-13T11:52:23.925137Z,clinical-decision-user,FEEDBACK,rule_override_log,rov-6298abd7-6d7e-4f3d-aeef-99425059d290,记录规则越权 rex-20e57c68-4db6-4793-a683-ff62fb700733/STRONG_REMINDER,SUCCESS,
1294,c0811562-c938-4be6-9bb6-6425583e2d21,p5-act6-evaluate-rule-1781351538055,2026-06-13T11:52:18.312012Z,clinical-decision-user,EXECUTE,rule_execution,rex-20e57c68-4db6-4793-a683-ff62fb700733,执行规则 rule-95d0454a-fe4a-4e80-938a-45a3744bde98,SUCCESS,
1292,03c0dba2-1baa-43bd-b262-4fac53dfce7b,p5-act6-enter-patient-pathway-1781351532295,2026-06-13T11:52:12.635001Z,clinical-decision-user,CREATE,patient_pathway,pp-782f748d-9a75-445f-925f-378f72779b6d,患者入径 PATH.ED.DISPOSITION,SUCCESS,
1289,0a7ded32-07f2-43e0-b8d2-8b98ad195a31,p5-act6-evaluate-rule-1781351411200,2026-06-13T11:50:11.549502Z,clinical-decision-user,EXECUTE,rule_execution,rex-fa40d62b-62cb-4368-a8bb-5cb1aa6d0489,执行规则 rule-95d0454a-fe4a-4e80-938a-45a3744bde98,SUCCESS,
1283,bdfe0183-3dc6-4b2f-916c-59533e106e34,p5-act6-seed-snapshot-1781351210748,2026-06-13T11:46:51.608205Z,integration-operator,CREATE,context_snapshot,ctx-8eb83b9d-d6c5-4252-b1f8-2c9b65fc09a0,创建标准上下文 quality=VALID patient=P5-ACT6-CLINICAL-001,SUCCESS,
1277,a3326b96-b063-4717-a46d-995d483a344f,p5-act6-override-physician-1781350943894,2026-06-13T11:42:24.249436Z,clinical-decision-user,FEEDBACK,rule_override_log,rov-b8a87cfd-d4cc-4f8c-9ce0-30bcae4b4a02,记录规则越权 rex-7c13e3f9-419b-40d8-84cb-d1f58fdc8422/STRONG_REMINDER,SUCCESS,
1272,29206fb9-1a7b-4c0a-83dc-0da549cb6128,8895422c-706d-486a-b65a-e6a7ff866e53,2026-06-13T09:13:21.525887Z,organization-admin,PUBLISH,pathway_template,pt-69a3aabb-5157-4a7c-b293-ce027a5741c6,全量发布路径模板 PATH.ED.DISPOSITION,SUCCESS,
1269,b8db93eb-859d-4fc2-a732-ae0469319a7a,4cff29a4-f890-433e-aa56-f06b0f73156b,2026-06-13T09:12:29.497144Z,knowledge-governor,PUBLISH,pathway_template,pt-69a3aabb-5157-4a7c-b293-ce027a5741c6,发布路径模板 PATH.ED.DISPOSITION,SUCCESS,
1268,de3c3c2d-baac-4ff5-9aa5-d177074e9a91,649d0415-02cd-4d8b-9b9a-fb1d23f70287,2026-06-13T09:12:28.090286Z,knowledge-governor,EXECUTE,authorization,649d0415-02cd-4d8b-9b9a-fb1d23f70287,权限拒绝：当前用户无权执行该操作,FAILED,PERMISSION_DENIED
1267,0d5af294-7ad7-4ae8-bfae-f932e93c897c,a3cc7e15-efdf-438b-b65c-15eb7c54e1d7,2026-06-13T09:12:27.016099Z,knowledge-governor,EXECUTE,authorization,a3cc7e15-efdf-438b-b65c-15eb7c54e1d7,权限拒绝：当前用户无权执行该操作,FAILED,PERMISSION_DENIED
1265,329aef1f-e50e-4155-a2fb-d37b02ab0428,081ccace-d46e-4c6a-8cb4-ef85fdc613dd,2026-06-13T09:12:02.109440Z,knowledge-governor,EXECUTE,authorization,081ccace-d46e-4c6a-8cb4-ef85fdc613dd,权限拒绝：当前用户无权执行该操作,FAILED,PERMISSION_DENIED
1264,6904b917-61bb-4091-84eb-c967746ef85e,100b968e-2ced-49d8-b88f-eb433e543d02,2026-06-13T09:12:01.012896Z,knowledge-governor,EXECUTE,authorization,100b968e-2ced-49d8-b88f-eb433e543d02,权限拒绝：当前用户无权执行该操作,FAILED,PERMISSION_DENIED
1260,9bb3cb52-41ce-4fca-b67f-cceb1cd114f9,26e5445c-aa5e-426b-9747-f0e9a9c05dc6,2026-06-13T08:05:03.616645Z,knowledge-governor,EXECUTE,authorization,26e5445c-aa5e-426b-9747-f0e9a9c05dc6,权限拒绝：当前用户无权执行该操作,FAILED,PERMISSION_DENIED
1259,dc9a9ebb-bbde-4460-aab6-421fd7756ac5,248f350d-4156-4dcb-9379-04fc7415c849,2026-06-13T08:05:02.558113Z,knowledge-governor,EXECUTE,authorization,248f350d-4156-4dcb-9379-04fc7415c849,权限拒绝：当前用户无权执行该操作,FAILED,PERMISSION_DENIED
1256,944ecb61-d972-4d38-aeb8-540236a2e172,30963b8e-962f-4f1a-96e7-380804834096,2026-06-13T08:03:22.801014Z,knowledge-governor,EXECUTE,authorization,30963b8e-962f-4f1a-96e7-380804834096,权限拒绝：当前用户无权执行该操作,FAILED,PERMISSION_DENIED
1255,2e061cc1-ffc2-499c-bd0d-0bdbc8048493,c38388e0-68c6-4479-acee-037ae5d35a3e,2026-06-13T08:03:21.736470Z,knowledge-governor,EXECUTE,authorization,c38388e0-68c6-4479-acee-037ae5d35a3e,权限拒绝：当前用户无权执行该操作,FAILED,PERMISSION_DENIED
1253,c15e543d-52b9-450a-a9b5-a176e680e40d,4d8ff639-c95e-433c-a713-4880d62ac4db,2026-06-13T08:03:12.271727Z,knowledge-governor,CREATE,pathway_template,pt-69a3aabb-5157-4a7c-b293-ce027a5741c6,创建路径模板 PATH.ED.DISPOSITION,SUCCESS,
1252,627aef93-6400-433f-bc2e-be51d30eb5da,27090952-f1f8-487e-9b14-a2bfb63bef86,2026-06-13T08:03:10.011200Z,knowledge-governor,EXECUTE,authorization,27090952-f1f8-487e-9b14-a2bfb63bef86,权限拒绝：当前用户无权执行该操作,FAILED,PERMISSION_DENIED
1251,c507bd18-e3f1-4bd0-92a0-38abb5183cc9,c78a1fa5-1181-449a-a083-451e0749d4c4,2026-06-13T08:03:08.922624Z,knowledge-governor,EXECUTE,authorization,c78a1fa5-1181-449a-a083-451e0749d4c4,权限拒绝：当前用户无权执行该操作,FAILED,PERMISSION_DENIED
1246,6f73256e-14d5-418f-a414-eb93a8a3ea97,8d11cfc6-63e8-446e-8411-c14ce80399ba,2026-06-13T08:01:42.867132Z,knowledge-governor,EXECUTE,authorization,8d11cfc6-63e8-446e-8411-c14ce80399ba,权限拒绝：当前用户无权执行该操作,FAILED,PERMISSION_DENIED
1245,c8bb6a9d-7875-4dff-9902-7cd45415ca7f,bd338b44-b512-40f2-8b43-117a071b90e9,2026-06-13T08:01:41.781885Z,knowledge-governor,EXECUTE,authorization,bd338b44-b512-40f2-8b43-117a071b90e9,权限拒绝：当前用户无权执行该操作,FAILED,PERMISSION_DENIED
1240,766b1a01-ae11-4113-a823-71e5ebcc98e1,d052ac9b-d536-4e7d-9d23-40cccd8c9281,2026-06-13T08:00:20.164204Z,knowledge-governor,EXECUTE,authorization,d052ac9b-d536-4e7d-9d23-40cccd8c9281,权限拒绝：当前用户无权执行该操作,FAILED,PERMISSION_DENIED
1239,b17b41c7-f75b-4024-969f-e87c74c56c69,030ac38c-5a9d-493d-969a-cb6d22adced2,2026-06-13T08:00:19.077620Z,knowledge-governor,EXECUTE,authorization,030ac38c-5a9d-493d-969a-cb6d22adced2,权限拒绝：当前用户无权执行该操作,FAILED,PERMISSION_DENIED
1237,fa0cca8a-b2b8-4fbe-8019-b7e8d6249669,7f166386-79f0-41cc-8fe6-e42d7915a957,2026-06-13T08:00:10.124550Z,knowledge-governor,CREATE,knowledge_package,92a9aa17-1be5-4846-bdd8-d71df415edd2,构建路径知识包草稿: 急诊处置路径知识包 (2026.06.1),SUCCESS,
1235,11698c07-07c7-4450-a15e-e80475b2e4c5,p5-act5-snap-ed-1781337602030,2026-06-13T08:00:02.276769Z,integration-operator,CREATE,context_snapshot,ctx-fdbb4c9d-e85c-4b46-ad3c-0304baa3a23e,创建标准上下文 quality=VALID patient=P5-ACT5-ED-001,SUCCESS,
1224,ed6e8fb1-4726-42ad-9198-bddaad5962e9,b34aafc6-51e9-4581-92ac-e59c3ef5122b,2026-06-13T06:26:43.832118Z,knowledge-governor,EXECUTE,rule_execution,rex-7c13e3f9-419b-40d8-84cb-d1f58fdc8422,执行规则 rule-95d0454a-fe4a-4e80-938a-45a3744bde98,SUCCESS,
1217,1fd912db-4503-4f2f-9c72-b650dc4a81fd,7dd51877-3674-4577-978e-a4a708799c35,2026-06-13T06:24:01.285112Z,organization-admin,PUBLISH,rule_definition,rule-95d0454a-fe4a-4e80-938a-45a3744bde98,规则治理推进至 FULL,SUCCESS,
1204,1ee4cede-be89-45a7-a2ff-d682792b4730,b81423f1-e3e0-4ac6-bbbe-44e658ec179b,2026-06-13T05:13:36.866343Z,organization-admin,PUBLISH,rule_definition,rule-95d0454a-fe4a-4e80-938a-45a3744bde98,规则治理推进至 CANARY,SUCCESS,
1200,2fd85a1c-660f-4728-a6de-4807ef9b4c7d,96a43eb3-0c19-4df9-a4d1-0ff358d4b363,2026-06-13T05:12:55.219014Z,organization-admin,PUBLISH,rule_definition,rule-95d0454a-fe4a-4e80-938a-45a3744bde98,规则治理推进至 SHADOW,SUCCESS,
1185,16482247-a283-46c4-a535-339f7b164fac,d23dcdbb-6365-4b22-ab29-5c9708dd12c7,2026-06-13T04:28:19.231564Z,quality-governor,UPDATE,rule_definition,rule-95d0454a-fe4a-4e80-938a-45a3744bde98,规则治理签署 COMMITTEE / APPROVED,SUCCESS,
1175,e0ac53af-0d20-4f24-a778-7514a3326cde,04f17337-67fa-4e2b-9013-a1b15f49d12a,2026-06-13T03:53:21.970737Z,clinical-governor,UPDATE,rule_definition,rule-95d0454a-fe4a-4e80-938a-45a3744bde98,规则治理签署 COMMITTEE / APPROVED,SUCCESS,
1171,c9ef25b8-27b7-4614-a675-e956dda3b531,287b9c53-b536-4d21-a0d7-0bdf32594503,2026-06-13T03:52:40.137183Z,clinical-governor,UPDATE,rule_definition,rule-95d0454a-fe4a-4e80-938a-45a3744bde98,规则治理签署 PEER_REVIEW / APPROVED,SUCCESS,
1167,e35dacd3-a2e8-45db-89d1-02eba9e5f8bc,380ecca1-c3f6-474d-9d4a-6d4c69530e42,2026-06-13T03:51:58.081142Z,knowledge-governor,PUBLISH,rule_definition,rule-95d0454a-fe4a-4e80-938a-45a3744bde98,规则治理推进至 PEER_REVIEW,SUCCESS,
1164,ed4eb85a-0746-41b0-93d1-50d0d70ca531,a5eb2875-817f-4bfb-ba95-5eb71d005541,2026-06-13T03:51:27.839974Z,knowledge-governor,EXECUTE,rule_execution,rex-53e3c31c-9912-4abe-8ee7-04377c3f685e,执行规则 rule-95d0454a-fe4a-4e80-938a-45a3744bde98,SUCCESS,
1162,bc52ada6-3de3-4407-81bc-7b033e9a713d,e157ac2a-ced4-4c87-ab58-6fbeac2befdd,2026-06-13T03:50:58.883201Z,knowledge-governor,UPDATE,rule_definition,rule-95d0454a-fe4a-4e80-938a-45a3744bde98,新增规则测试用例 rtc-1b3ac0ea-d4fd-4c83-b950-e7f972aaa310,SUCCESS,
1161,2fb14c5a-870d-414f-a49c-26e9fc101918,8091cee3-a7cd-4df7-985f-4ca7f937fe97,2026-06-13T03:50:52.253037Z,knowledge-governor,UPDATE,rule_definition,rule-95d0454a-fe4a-4e80-938a-45a3744bde98,新增规则测试用例 rtc-90cbe6d5-9284-4b89-aa1a-e62d9a8f5a5c,SUCCESS,
1160,e5828b15-321a-44c3-b9fd-db99ecce60a3,7f1dd4c4-d08a-4b12-9f4b-d6b646c1aa25,2026-06-13T03:50:46.144026Z,knowledge-governor,UPDATE,rule_definition,rule-95d0454a-fe4a-4e80-938a-45a3744bde98,新增规则测试用例 rtc-8af7c04f-7385-4b04-935d-f658ccc807ba,SUCCESS,
1159,75031043-fc7d-42c7-91ce-0f0c558fcc41,f0eaf9cd-2e7e-498e-9e48-cbefdadcc022,2026-06-13T03:50:37.315390Z,knowledge-governor,UPDATE,rule_definition,rule-95d0454a-fe4a-4e80-938a-45a3744bde98,新增规则测试用例 rtc-89cc5f81-bc31-48af-9bb4-9bc7e7b5f2f7,SUCCESS,
1156,f82b4dda-317f-4e29-9c3c-50e4a5820b12,63fced57-3a75-4024-9fe1-41085a647a48,2026-06-13T03:49:50.194978Z,knowledge-governor,CREATE,rule_definition,rule-95d0454a-fe4a-4e80-938a-45a3744bde98,创建规则 P5.ACT4.CRITICAL.K,SUCCESS,
1155,3c507c2d-b2df-4d37-9757-313dfbcf04b5,63fced57-3a75-4024-9fe1-41085a647a48,2026-06-13T03:49:50.195841Z,knowledge-governor,CREATE,mk_engine_rule_parameter_binding,rv-97b94b1e-b4fd-4e7d-8866-f8843ce85320,保存规则参数绑定 3 项,SUCCESS,
1153,2cd5cf09-451a-480c-a90e-272918d02320,p5-act4-snap-CONFLICT-1781322563710,2026-06-13T03:49:23.768471Z,integration-operator,CREATE,context_snapshot,ctx-97de9b9c-6f9c-4f7f-b3fd-e58b473fd7c9,创建标准上下文 quality=VALID patient=P5-ACT4-NA-CFL,SUCCESS,
1152,76253230-ccf7-4c75-81eb-105b7f8b0d13,p5-act4-snap-NEGATIVE-1781322563605,2026-06-13T03:49:23.672729Z,integration-operator,CREATE,context_snapshot,ctx-dc4f0784-a5ee-4cf0-baed-ef98cca8a100,创建标准上下文 quality=VALID patient=P5-ACT4-K-NEG,SUCCESS,
1151,829d156a-0f0f-4448-9b6d-216fabc0b010,p5-act4-snap-BOUNDARY-1781322563164,2026-06-13T03:49:23.534911Z,integration-operator,CREATE,context_snapshot,ctx-2ff046f9-8b16-4195-93ed-895963b5174b,创建标准上下文 quality=VALID patient=P5-ACT4-K-BND,SUCCESS,
1150,7232aa1e-2b20-4f92-a08a-5ee3b173994b,p5-act4-snap-POSITIVE-1781322562860,2026-06-13T03:49:23.092791Z,integration-operator,CREATE,context_snapshot,ctx-91d759b7-4db8-48ba-8b0f-65b743027755,创建标准上下文 quality=VALID patient=P5-ACT4-K-POS,SUCCESS,
1145,44b4ed72-67a7-469d-a851-47190a9473fd,p5-act4-seed-1781319094882,2026-06-13T02:51:35.007950Z,diagnostic-service-user,EXECUTE,authorization,p5-act4-seed-1781319094882,权限拒绝：当前用户无权执行该操作,FAILED,PERMISSION_DENIED
1121,0ceddc92-f0f9-4cca-8fa5-c579dd3945d7,c6797364-cf1d-428b-b4cb-53a8bab58da7,2026-06-13T01:24:31.773410Z,integration-operator,EXECUTE,integration_adapter,p5-his-gateway,适配器健康检查完成，状态: HEALTHY,SUCCESS,
1118,97b73b2f-33f0-430b-9180-1016260d7bc6,b5ad4ec5-1af6-4974-872b-deebbc34b38b,2026-06-13T01:22:23.813528Z,organization-admin,PUBLISH,knowledge_package,72050f03-a187-4353-bd83-449ae1e72f24,知识包发布并同步全量成功: P5 检验与诊断字典映射包 (2026.06.1),SUCCESS,
1115,f0edf26f-acbe-440f-848b-9c2fce1d1710,74f0f7bd-6098-4c6f-b580-97d276d7ce43,2026-06-13T01:22:12.374169Z,integration-operator,EXECUTE,integration_adapter,p5-his-gateway,适配器健康检查完成，状态: HEALTHY,SUCCESS,
1111,f18a5e17-29e2-4af7-bac8-f8357b39f44e,174fe2e5-dc85-48b8-ad85-cd428711a5c1,2026-06-13T01:20:24.560231Z,integration-operator,EXECUTE,integration_adapter,p5-his-gateway,适配器健康检查完成，状态: HEALTHY,SUCCESS,
1108,dee6ad9d-6c50-4184-a372-10df7137cbb4,0228967b-38c0-483e-ab0e-a443f66fb2d8,2026-06-13T01:19:08.369694Z,integration-operator,EXECUTE,integration_adapter,p5-his-gateway,适配器健康检查完成，状态: HEALTHY,SUCCESS,
1105,3271aaf3-f14b-4428-86f3-04b89d3ecbb0,7f03d788-c8ac-4da0-a955-cb44961922d7,2026-06-13T01:17:50.655568Z,knowledge-governor,PUBLISH,knowledge_package,72050f03-a187-4353-bd83-449ae1e72f24,"知识包发布计划执行完成, 策略为: GRAYSCALE, 作用域为: FACILITY, 状态为: SUCCESS",SUCCESS,
1103,698da7d7-a832-44ef-bef0-f5267c630e39,6b342f0f-55cd-45d3-aaf6-417bdf99689a,2026-06-13T01:17:38.694568Z,integration-operator,EXECUTE,integration_adapter,p5-his-gateway,适配器健康检查完成，状态: HEALTHY,SUCCESS,
1100,a9e42edd-64d1-4a04-8191-9196a89e012a,8d71727e-9fb1-41cb-9fd2-6df8f7135af3,2026-06-13T01:16:57.344116Z,integration-operator,EXECUTE,integration_adapter,p5-his-gateway,适配器健康检查完成，状态: HEALTHY,SUCCESS,
1097,12edcd65-2c6c-4940-bf56-9878772f83b4,ed09d542-02d1-4098-8c11-71e92cbe222c,2026-06-13T00:30:24.485584Z,integration-operator,EXECUTE,integration_adapter,p5-his-gateway,适配器健康检查完成，状态: HEALTHY,SUCCESS,
1095,649c0775-48e0-4879-83ee-407463e3581c,2a3133db-1203-4f9c-8e2d-eb2329ba0cff,2026-06-13T00:28:33.428335Z,knowledge-governor,EXECUTE,authorization,2a3133db-1203-4f9c-8e2d-eb2329ba0cff,权限拒绝：当前用户无权执行该操作,FAILED,PERMISSION_DENIED
1093,eb4a6816-650f-4e34-b171-54bb63196b71,d958cff0-ed8e-441d-b475-7917c837201c,2026-06-13T00:27:02.100051Z,knowledge-governor,CREATE,knowledge_package,72050f03-a187-4353-bd83-449ae1e72f24,构建术语知识包草稿: P5 检验与诊断字典映射包 (2026.06.1),SUCCESS,
1091,a1be1908-03c1-4d9d-95ad-e5954eb32c23,b4de2770-bf72-4958-a5c9-5329fb8bad82,2026-06-13T00:26:51.941112Z,integration-operator,EXECUTE,integration_adapter,p5-his-gateway,适配器健康检查完成，状态: HEALTHY,SUCCESS,
1087,5db1bef8-dcaa-42b3-ae92-47a4c00ec7c3,992d9415-a224-4715-90bf-001be6671cdb,2026-06-13T00:25:06.219258Z,integration-operator,EXECUTE,integration_adapter,p5-his-gateway,适配器健康检查完成，状态: HEALTHY,SUCCESS,
1084,c7503384-31e9-434b-a027-3339cf3945d6,aaaa8276-3649-4139-b9b5-307a0110ee5a,2026-06-13T00:23:44.510969Z,integration-operator,EXECUTE,integration_adapter,p5-his-gateway,适配器健康检查完成，状态: HEALTHY,SUCCESS,
1081,af807928-2c99-4b54-9931-825be539aea5,e85ed906-412c-4b29-9a87-e4edd0560ac2,2026-06-13T00:22:27.656197Z,integration-operator,EXECUTE,integration_adapter,p5-his-gateway,适配器健康检查完成，状态: HEALTHY,SUCCESS,
1078,46e262d9-d06a-4b7d-affd-1de25bf1a37c,f9b0392f-6f6e-4a3e-9fab-ea6918d2b2e1,2026-06-13T00:20:49.670665Z,integration-operator,EXECUTE,integration_adapter,p5-his-gateway,适配器健康检查完成，状态: HEALTHY,SUCCESS,
1077,ddbd2913-a566-457d-aee4-0e90c47fa06a,5e1b1db8-d8d4-4c29-b6f1-f75cb90bb62c,2026-06-13T00:20:47.661259Z,integration-operator,CREATE,integration_adapter,p5-his-gateway,新建第三方适配器: P5模拟院内HIS网关,SUCCESS,
104,026c6635-647c-47aa-b282-718e3aacb7fa,p5-role-activate-quality-governor-1781266576820-change-password,2026-06-12T12:16:17.204248Z,quality-governor,EXECUTE,platform_credential,quality-governor,自助修改密码成功,SUCCESS,
100,d6a502fb-4796-4ae5-862d-ce500a483b43,p5-role-activate-nursing-collaborator-1781266575725-change-password,2026-06-12T12:16:16.111282Z,nursing-collaborator,EXECUTE,platform_credential,nursing-collaborator,自助修改密码成功,SUCCESS,
96,5a134729-f852-46cd-abf2-826d2c818298,p5-role-activate-medication-safety-user-1781266574625-change-password,2026-06-12T12:16:15.011993Z,medication-safety-user,EXECUTE,platform_credential,medication-safety-user,自助修改密码成功,SUCCESS,
92,7cb062d8-8fe5-4819-807e-3e0b573c3598,p5-role-activate-knowledge-governor-1781266572983-change-password,2026-06-12T12:16:13.376650Z,knowledge-governor,EXECUTE,platform_credential,knowledge-governor,自助修改密码成功,SUCCESS,
88,92e87c84-6321-420e-abb7-6d27a25ca5ba,p5-role-activate-integration-operator-1781266571460-change-password,2026-06-12T12:16:11.860067Z,integration-operator,EXECUTE,platform_credential,integration-operator,自助修改密码成功,SUCCESS,
84,940d721a-21a0-47a6-94e7-0ddd8e6337b2,p5-role-activate-implementation-operator-1781266569989-change-password,2026-06-12T12:16:10.372949Z,implementation-operator,EXECUTE,platform_credential,implementation-operator,自助修改密码成功,SUCCESS,
80,78fc3ec2-5999-48be-bb97-5f10b54aac48,p5-role-activate-identity-access-admin-1781266568507-change-password,2026-06-12T12:16:08.894797Z,identity-access-admin,EXECUTE,platform_credential,identity-access-admin,自助修改密码成功,SUCCESS,
76,3667213b-5fd5-4be9-b60b-6a087b672ac2,p5-role-activate-diagnostic-service-user-1781266567335-change-password,2026-06-12T12:16:07.748626Z,diagnostic-service-user,EXECUTE,platform_credential,diagnostic-service-user,自助修改密码成功,SUCCESS,
72,e1ca2875-bd37-4e54-a29d-755fbb6f3fba,p5-role-activate-compliance-auditor-1781266565875-change-password,2026-06-12T12:16:06.270937Z,compliance-auditor,EXECUTE,platform_credential,compliance-auditor,自助修改密码成功,SUCCESS,
68,4f063c5c-d4a3-4d08-b679-c95cad025eaa,p5-role-activate-clinical-governor-1781266564182-change-password,2026-06-12T12:16:04.589580Z,clinical-governor,EXECUTE,platform_credential,clinical-governor,自助修改密码成功,SUCCESS,
64,1e498377-4b33-453b-a41c-86881b0c3b7d,p5-role-activate-clinical-decision-user-1781266563017-change-password,2026-06-12T12:16:03.471681Z,clinical-decision-user,EXECUTE,platform_credential,clinical-decision-user,自助修改密码成功,SUCCESS,
62,39e5300d-76a5-4884-b1f2-e70f350a9c47,8de70421-faf7-480b-97ba-27ae815838b6,2026-06-12T12:14:47.535052Z,organization-admin,CREATE,mk_identity_person_import_job,pij-01KTXW34JYQM1QNKWRPXBHASNN,提交人员导入，成功=11，失败=0,SUCCESS,
61,116778cc-4c5e-4be5-b086-c7098065b1ff,8de70421-faf7-480b-97ba-27ae815838b6,2026-06-12T12:14:47.520633Z,organization-admin,CREATE,tenant_user,implementation-operator,创建租户用户 credentialManaged=true,SUCCESS,
60,a924e3a3-ad28-4fba-b9af-5d7f4fbdbfc8,8de70421-faf7-480b-97ba-27ae815838b6,2026-06-12T12:14:47.530559Z,organization-admin,PERMISSION_CHANGE,mk_compliance_identity_binding,idb-01KTXW3679QBPX62CM5A88QV10,绑定外部身份：EMPLOYEE_NO；原因：人员批量导入绑定身份来源,SUCCESS,
59,b680626a-bd89-44aa-95d1-bde8a26d7fde,8de70421-faf7-480b-97ba-27ae815838b6,2026-06-12T12:14:47.434694Z,organization-admin,PERMISSION_CHANGE,mk_compliance_identity_binding,idb-01KTXW3649K01EFDQ653BNABKR,绑定外部身份：EMPLOYEE_NO；原因：人员批量导入绑定身份来源,SUCCESS,
58,d029e304-01b7-4b62-ad81-1103c0dc3e08,8de70421-faf7-480b-97ba-27ae815838b6,2026-06-12T12:14:47.524506Z,organization-admin,CREATE,user_role_assignment,implementation-operator,分配用户角色 role=implementation-operator scope=WARD:01KTXW1HQWV7SZ3G77TX0PETA7,SUCCESS,
57,3d30876b-e2d8-48ef-844f-8bcc5fd33154,8de70421-faf7-480b-97ba-27ae815838b6,2026-06-12T12:14:47.520259Z,organization-admin,CREATE,platform_credential,implementation-operator,开通成员 username=implementation-operator role=null,SUCCESS,
56,98bd9a7e-c44c-441d-99f9-e77ee4630dd8,8de70421-faf7-480b-97ba-27ae815838b6,2026-06-12T12:14:47.422016Z,organization-admin,CREATE,user_role_assignment,integration-operator,分配用户角色 role=integration-operator scope=WARD:01KTXW1HQWV7SZ3G77TX0PETA7,SUCCESS,
55,2d8b7a5a-c9ad-42b8-a44a-6a97ad92da42,8de70421-faf7-480b-97ba-27ae815838b6,2026-06-12T12:14:47.414275Z,organization-admin,CREATE,platform_credential,integration-operator,开通成员 username=integration-operator role=null,SUCCESS,
54,887e118e-7bc1-43ef-8fb2-561bad18e36e,8de70421-faf7-480b-97ba-27ae815838b6,2026-06-12T12:14:47.414792Z,organization-admin,CREATE,tenant_user,integration-operator,创建租户用户 credentialManaged=true,SUCCESS,
53,2153fc8e-eb83-4d94-a57b-9ed09e900c0f,8de70421-faf7-480b-97ba-27ae815838b6,2026-06-12T12:14:47.327758Z,organization-admin,PERMISSION_CHANGE,mk_compliance_identity_binding,idb-01KTXW360Y8REDGV422C4VFDT7,绑定外部身份：EMPLOYEE_NO；原因：人员批量导入绑定身份来源,SUCCESS,
52,de9a9251-7cd5-4495-8eff-4ce76ab63013,8de70421-faf7-480b-97ba-27ae815838b6,2026-06-12T12:14:47.320601Z,organization-admin,CREATE,user_role_assignment,compliance-auditor,分配用户角色 role=compliance-auditor scope=WARD:01KTXW1HQWV7SZ3G77TX0PETA7,SUCCESS,
51,2756e1be-9753-4398-9ea0-cc1e06483286,8de70421-faf7-480b-97ba-27ae815838b6,2026-06-12T12:14:47.224038Z,organization-admin,PERMISSION_CHANGE,mk_compliance_identity_binding,idb-01KTXW35XP6PWCE83NZHB0Z3Z4,绑定外部身份：EMPLOYEE_NO；原因：人员批量导入绑定身份来源,SUCCESS,
50,0bdb4247-2984-4005-9358-aff9bf1f0743,8de70421-faf7-480b-97ba-27ae815838b6,2026-06-12T12:14:47.316053Z,organization-admin,CREATE,tenant_user,compliance-auditor,创建租户用户 credentialManaged=true,SUCCESS,
49,d9823317-a79d-480f-ba19-256714cb13da,8de70421-faf7-480b-97ba-27ae815838b6,2026-06-12T12:14:47.315689Z,organization-admin,CREATE,platform_credential,compliance-auditor,开通成员 username=compliance-auditor role=null,SUCCESS,
48,6a91bc7b-7e92-49b1-93d0-e67c2571b4ee,8de70421-faf7-480b-97ba-27ae815838b6,2026-06-12T12:14:47.208712Z,organization-admin,CREATE,user_role_assignment,quality-governor,分配用户角色 role=quality-governor scope=WARD:01KTXW1HQWV7SZ3G77TX0PETA7,SUCCESS,
47,ab53c4a1-9126-4da2-888a-338960708212,8de70421-faf7-480b-97ba-27ae815838b6,2026-06-12T12:14:47.198974Z,organization-admin,CREATE,tenant_user,quality-governor,创建租户用户 credentialManaged=true,SUCCESS,
46,36ebf13c-7851-4f46-9b14-a30a31e51a83,8de70421-faf7-480b-97ba-27ae815838b6,2026-06-12T12:14:47.198618Z,organization-admin,CREATE,platform_credential,quality-governor,开通成员 username=quality-governor role=null,SUCCESS,
45,a4c04ac5-ef47-4ece-81be-a31e36b4bd18,8de70421-faf7-480b-97ba-27ae815838b6,2026-06-12T12:14:47.110413Z,organization-admin,PERMISSION_CHANGE,mk_compliance_identity_binding,idb-01KTXW35T4S5AG4YKM2RDS2JW3,绑定外部身份：EMPLOYEE_NO；原因：人员批量导入绑定身份来源,SUCCESS,
44,f13d1832-4ddd-4fd1-a25a-ada9f5fafa62,8de70421-faf7-480b-97ba-27ae815838b6,2026-06-12T12:14:47.101172Z,organization-admin,CREATE,user_role_assignment,diagnostic-service-user,分配用户角色 role=diagnostic-service-user scope=WARD:01KTXW1HQWV7SZ3G77TX0PETA7,SUCCESS,
43,eb21652d-1181-4803-905f-0ecfbca07de3,8de70421-faf7-480b-97ba-27ae815838b6,2026-06-12T12:14:47.092721Z,organization-admin,CREATE,tenant_user,diagnostic-service-user,创建租户用户 credentialManaged=true,SUCCESS,
42,10e45908-58ac-4687-b699-5d4f52149ffc,8de70421-faf7-480b-97ba-27ae815838b6,2026-06-12T12:14:47.092366Z,organization-admin,CREATE,platform_credential,diagnostic-service-user,开通成员 username=diagnostic-service-user role=null,SUCCESS,
41,09082f02-5546-4a56-9519-47da982ec8f5,8de70421-faf7-480b-97ba-27ae815838b6,2026-06-12T12:14:46.994Z,organization-admin,PERMISSION_CHANGE,mk_compliance_identity_binding,idb-01KTXW35PGP56QMCD11B62ZHWS,绑定外部身份：EMPLOYEE_NO；原因：人员批量导入绑定身份来源,SUCCESS,
40,05396e81-4eb4-4730-887b-abf7c77979a0,8de70421-faf7-480b-97ba-27ae815838b6,2026-06-12T12:14:46.986904Z,organization-admin,CREATE,user_role_assignment,medication-safety-user,分配用户角色 role=medication-safety-user scope=WARD:01KTXW1HQWV7SZ3G77TX0PETA7,SUCCESS,
39,5ee323c6-22e5-4810-926e-24061c5a9413,8de70421-faf7-480b-97ba-27ae815838b6,2026-06-12T12:14:46.888276Z,organization-admin,PERMISSION_CHANGE,mk_compliance_identity_binding,idb-01KTXW35K6YY02QHXBBXB8HMEX,绑定外部身份：EMPLOYEE_NO；原因：人员批量导入绑定身份来源,SUCCESS,
38,e9bf24cb-b741-46e5-b7fb-4b870e1aeba4,8de70421-faf7-480b-97ba-27ae815838b6,2026-06-12T12:14:46.979915Z,organization-admin,CREATE,tenant_user,medication-safety-user,创建租户用户 credentialManaged=true,SUCCESS,
37,f98a3b4c-2082-42ea-8bc5-094318accbc2,8de70421-faf7-480b-97ba-27ae815838b6,2026-06-12T12:14:46.979456Z,organization-admin,CREATE,platform_credential,medication-safety-user,开通成员 username=medication-safety-user role=null,SUCCESS,
36,9e35bdc8-9fa2-4288-8900-9fa051f62185,8de70421-faf7-480b-97ba-27ae815838b6,2026-06-12T12:14:46.872174Z,organization-admin,CREATE,user_role_assignment,nursing-collaborator,分配用户角色 role=nursing-collaborator scope=WARD:01KTXW1HQWV7SZ3G77TX0PETA7,SUCCESS,
35,462cf9c8-47bf-46cf-b178-b7b2b0e6e4a2,8de70421-faf7-480b-97ba-27ae815838b6,2026-06-12T12:14:46.865864Z,organization-admin,CREATE,tenant_user,nursing-collaborator,创建租户用户 credentialManaged=true,SUCCESS,
34,1fe3809f-a675-4f5a-a3db-b4b37f1bbed5,8de70421-faf7-480b-97ba-27ae815838b6,2026-06-12T12:14:46.865485Z,organization-admin,CREATE,platform_credential,nursing-collaborator,开通成员 username=nursing-collaborator role=null,SUCCESS,
33,7b857e36-6578-4074-bcd0-f38740382ea8,8de70421-faf7-480b-97ba-27ae815838b6,2026-06-12T12:14:46.772820Z,organization-admin,PERMISSION_CHANGE,mk_compliance_identity_binding,idb-01KTXW35FKGDD88VM8Z7ZG5WDS,绑定外部身份：EMPLOYEE_NO；原因：人员批量导入绑定身份来源,SUCCESS,
32,e0384b9e-3ae1-40f9-af1e-870c5b665f03,8de70421-faf7-480b-97ba-27ae815838b6,2026-06-12T12:14:46.763951Z,organization-admin,CREATE,user_role_assignment,clinical-decision-user,分配用户角色 role=clinical-decision-user scope=WARD:01KTXW1HQWV7SZ3G77TX0PETA7,SUCCESS,
31,e030a177-8cf5-4b5e-a909-1860aa78cadf,8de70421-faf7-480b-97ba-27ae815838b6,2026-06-12T12:14:46.652746Z,organization-admin,PERMISSION_CHANGE,mk_compliance_identity_binding,idb-01KTXW35BV7M2ZQCFDKFKKWGP3,绑定外部身份：EMPLOYEE_NO；原因：人员批量导入绑定身份来源,SUCCESS,
30,9b2dcf69-67b9-4012-b542-e16892228607,8de70421-faf7-480b-97ba-27ae815838b6,2026-06-12T12:14:46.754461Z,organization-admin,CREATE,tenant_user,clinical-decision-user,创建租户用户 credentialManaged=true,SUCCESS,
29,6c56334a-76b0-4e0f-bced-dd435f4dbd0e,8de70421-faf7-480b-97ba-27ae815838b6,2026-06-12T12:14:46.754072Z,organization-admin,CREATE,platform_credential,clinical-decision-user,开通成员 username=clinical-decision-user role=null,SUCCESS,
28,718046e1-a892-4f5b-8c9b-dd35f3686b1b,8de70421-faf7-480b-97ba-27ae815838b6,2026-06-12T12:14:46.643025Z,organization-admin,CREATE,user_role_assignment,clinical-governor,分配用户角色 role=clinical-governor scope=WARD:01KTXW1HQWV7SZ3G77TX0PETA7,SUCCESS,
27,3380ea5d-8538-4375-a7f3-02626c849465,8de70421-faf7-480b-97ba-27ae815838b6,2026-06-12T12:14:46.530580Z,organization-admin,PERMISSION_CHANGE,mk_compliance_identity_binding,idb-01KTXW3580XVJT5913JZ8EGJ2Q,绑定外部身份：EMPLOYEE_NO；原因：人员批量导入绑定身份来源,SUCCESS,
26,c84c5a64-c8ef-4f73-a66f-c715420a98d1,8de70421-faf7-480b-97ba-27ae815838b6,2026-06-12T12:14:46.636997Z,organization-admin,CREATE,tenant_user,clinical-governor,创建租户用户 credentialManaged=true,SUCCESS,
25,f48fee31-4f46-4177-99e2-aee5f9c36071,8de70421-faf7-480b-97ba-27ae815838b6,2026-06-12T12:14:46.636581Z,organization-admin,CREATE,platform_credential,clinical-governor,开通成员 username=clinical-governor role=null,SUCCESS,
24,a1ec4f24-4869-4d90-ac13-ac5dc21e0cf0,8de70421-faf7-480b-97ba-27ae815838b6,2026-06-12T12:14:46.514095Z,organization-admin,CREATE,user_role_assignment,knowledge-governor,分配用户角色 role=knowledge-governor scope=WARD:01KTXW1HQWV7SZ3G77TX0PETA7,SUCCESS,
23,89dce0ef-fc21-4f64-97a3-00126e50ebb6,8de70421-faf7-480b-97ba-27ae815838b6,2026-06-12T12:14:46.508556Z,organization-admin,CREATE,platform_credential,knowledge-governor,开通成员 username=knowledge-governor role=null,SUCCESS,
22,78462e33-3756-41ca-ba3c-ae55624f6d48,8de70421-faf7-480b-97ba-27ae815838b6,2026-06-12T12:14:46.508944Z,organization-admin,CREATE,tenant_user,knowledge-governor,创建租户用户 credentialManaged=true,SUCCESS,
21,f42fb6a3-c78c-4233-90dd-040ff131741a,8de70421-faf7-480b-97ba-27ae815838b6,2026-06-12T12:14:46.373871Z,organization-admin,CREATE,user_role_assignment,identity-access-admin,分配用户角色 role=identity-access-admin scope=WARD:01KTXW1HQWV7SZ3G77TX0PETA7,SUCCESS,
20,ea1181f9-6c2b-4e13-be60-e9794b686899,8de70421-faf7-480b-97ba-27ae815838b6,2026-06-12T12:14:46.416912Z,organization-admin,PERMISSION_CHANGE,mk_compliance_identity_binding,idb-01KTXW353SXPGQJ8YV19D622F8,绑定外部身份：EMPLOYEE_NO；原因：人员批量导入绑定身份来源,SUCCESS,
19,c3cf03a2-0ec3-4305-97bf-d585e8a850ac,8de70421-faf7-480b-97ba-27ae815838b6,2026-06-12T12:14:46.361703Z,organization-admin,CREATE,tenant_user,identity-access-admin,创建租户用户 credentialManaged=true,SUCCESS,
18,0d43da36-80b6-4e9d-9597-e609313796ab,8de70421-faf7-480b-97ba-27ae815838b6,2026-06-12T12:14:46.360671Z,organization-admin,CREATE,platform_credential,identity-access-admin,开通成员 username=identity-access-admin role=null,SUCCESS,
17,f8c379af-61d5-4139-b07b-fbea9150ad2e,f55b1d51-949b-4c98-9b00-51dd7af0a181,2026-06-12T12:14:45.947048Z,organization-admin,CREATE,mk_identity_person_import_job,pij-01KTXW34JYQM1QNKWRPXBHASNN,人员导入预检，总行数=11，可提交=11,SUCCESS,
11,0fa0bf42-4f52-418e-ba35-c68b79ee4c64,9b05ffa5-b2f0-4c31-aa4b-73e5786cbe4c,2026-06-12T12:10:29.130717Z,organization-admin,EXECUTE,platform_credential,organization-admin,自助修改密码成功,SUCCESS,
